"District Courts, SAS Nagar (Mohali)"
"Last verified: 10 October 2026. Official court-wise VC list (22 July 2026): https://cdnbbsr.s3waas.gov.in/s3ec0288e1ce84f9feef5a08d0df0334c5/uploads/2026/07/2026072251.pdf. Last verified 10 October 2026; next verification by 10 November 2026 (monthly), or earlier when new information arrives."
Disclaimer: This information has been collected from publicly available official online sources and is updated from those web resources. It is provided for convenience only. Please verify the latest details on the linked official source. Master Legal Work does not accept liability for any change or error in the source information.

VC links
Sr.,Court,Presiding officer,VC link (Google Meet),Zoom link,Zoom Meeting ID / passcode,Reader / dealing official,Mobile (as published),Court email,Official source
1,District & Sessions Judge,Sh. Atul Kasana,https://meet.google.com/mon-vpra-wmj,Not published,,Sh. Gagandeep,9988881341,Not published,https://cdnbbsr.s3waas.gov.in/s3ec0288e1ce84f9feef5a08d0df0334c5/uploads/2026/07/2026072251.pdf
2,Addl. District & Sessions Judge,Sh. Hardip Singh,https://meet.google.com/xdp-hbkb-qme,Not published,,Ms. Gurwinder Kaur,9780300457,Not published,https://cdnbbsr.s3waas.gov.in/s3ec0288e1ce84f9feef5a08d0df0334c5/uploads/2026/07/2026072251.pdf
3,Addl. District & Sessions Judge,Ms. Neetika Verma,https://meet.google.com/oxg-mnpm-bnk,Not published,,Sh. Daljit Singh,9780175816,Not published,https://cdnbbsr.s3waas.gov.in/s3ec0288e1ce84f9feef5a08d0df0334c5/uploads/2026/07/2026072251.pdf
4,Addl. District & Sessions Judge,Sh. Vikrant Kumar,https://meet.google.com/rmm-fzds-nzr,Not published,,Sh. Jasveer Singh,9417792000,Not published,https://cdnbbsr.s3waas.gov.in/s3ec0288e1ce84f9feef5a08d0df0334c5/uploads/2026/07/2026072251.pdf
5,Addl. District & Sessions Judge,Sh. Prashant Verma,https://meet.google.com/fty-wktd-hfe,Not published,,Ms. Paramjit Kaur,8264495677,Not published,https://cdnbbsr.s3waas.gov.in/s3ec0288e1ce84f9feef5a08d0df0334c5/uploads/2026/07/2026072251.pdf
6,Addl. District & Sessions Judge,Sh. Tejpartap Singh Randhawa,https://meet.google.com/vea-ktbw-cre,Not published,,Sh. Romil,8054019372,Not published,https://cdnbbsr.s3waas.gov.in/s3ec0288e1ce84f9feef5a08d0df0334c5/uploads/2026/07/2026072251.pdf
7,Addl. District & Sessions Judge,Sh. Rajesh Ahluwalia,https://meet.google.com/cye-ichw-tme,Not published,,Sh. Rajeev Verma,9464722100,Not published,https://cdnbbsr.s3waas.gov.in/s3ec0288e1ce84f9feef5a08d0df0334c5/uploads/2026/07/2026072251.pdf
8,Addl. District & Sessions Judge,Ms. Navdeep Kaur Gill,https://meet.google.com/mqv-ccyv-soh,Not published,,Sh. Harish Kumar,9888715533,Not published,https://cdnbbsr.s3waas.gov.in/s3ec0288e1ce84f9feef5a08d0df0334c5/uploads/2026/07/2026072251.pdf
9,Civil Judge (Senior Division),Sh. Rupinder Singh,https://meet.google.com/trc-cugh-agk,Not published,,Ms. Manjeet Kaur,9877729209,Not published,https://cdnbbsr.s3waas.gov.in/s3ec0288e1ce84f9feef5a08d0df0334c5/uploads/2026/07/2026072251.pdf
10,Chief Judicial Magistrate,Sh. Ravneet Singh,https://meet.google.com/etp-hbpx-ujt,Not published,,Sh. Jaswinder Singh,9988002655,Not published,https://cdnbbsr.s3waas.gov.in/s3ec0288e1ce84f9feef5a08d0df0334c5/uploads/2026/07/2026072251.pdf
11,Addl. Civil Judge (Senior Division),Ms. Manpreet Kaur-II,https://meet.google.com/wto-spvt-ueb,Not published,,Sh. Pawan Kumar,9780485704,Not published,https://cdnbbsr.s3waas.gov.in/s3ec0288e1ce84f9feef5a08d0df0334c5/uploads/2026/07/2026072251.pdf
12,Civil Judge (Junior Division),Sh. Abhay Rajan Shukhla,https://meet.google.com/yrs-hnjq-pbw,Not published,,Ms. Gurpreet Kaur,7696833494,Not published,https://cdnbbsr.s3waas.gov.in/s3ec0288e1ce84f9feef5a08d0df0334c5/uploads/2026/07/2026072251.pdf
13,Civil Judge (Junior Division),Ms. Poonam Kashyap,https://meet.google.com/tsf-achw-iwi,Not published,,Sh. Rajesh Randev,9814842296,Not published,https://cdnbbsr.s3waas.gov.in/s3ec0288e1ce84f9feef5a08d0df0334c5/uploads/2026/07/2026072251.pdf
14,Civil Judge (Junior Division),Sh. Kirandeep Singh,https://meet.google.com/voh-anvr-vub,Not published,,Ms. Uma Bawa,9844706622,Not published,https://cdnbbsr.s3waas.gov.in/s3ec0288e1ce84f9feef5a08d0df0334c5/uploads/2026/07/2026072251.pdf
15,Civil Judge (Junior Division),Sh. Sangam Kaushal,https://meet.google.com/cgu-jvjk-cfd,Not published,,Sh. Suresh Sharma,9814066887,Not published,https://cdnbbsr.s3waas.gov.in/s3ec0288e1ce84f9feef5a08d0df0334c5/uploads/2026/07/2026072251.pdf
16,Civil Judge (Junior Division),Ms. Haramrit Kaur,https://meet.google.com/kqy-iyhb-wju,Not published,,Sh. Harpreet Singh,9914711059,Not published,https://cdnbbsr.s3waas.gov.in/s3ec0288e1ce84f9feef5a08d0df0334c5/uploads/2026/07/2026072251.pdf
17,Civil Judge (Junior Division),Sh. Pallav Arora,https://meet.google.com/pyn-pwxe-gbv,Not published,,Ms. Anjali Kaushik,8556955738,Not published,https://cdnbbsr.s3waas.gov.in/s3ec0288e1ce84f9feef5a08d0df0334c5/uploads/2026/07/2026072251.pdf
18,Civil Judge (Junior Division),Ms. Sarveesha Sharma,https://meet.google.com/goo-crcd-ocn,Not published,,Ms. Deepika Bharti,8054962001,Not published,https://cdnbbsr.s3waas.gov.in/s3ec0288e1ce84f9feef5a08d0df0334c5/uploads/2026/07/2026072251.pdf
19,Civil Judge (Junior Division),Ms. Gurleen Kaur,https://meet.google.com/dze-kkzn-gce,Not published,,Ms. Amanpreet Kaur,8872711196,Not published,https://cdnbbsr.s3waas.gov.in/s3ec0288e1ce84f9feef5a08d0df0334c5/uploads/2026/07/2026072251.pdf
20,Civil Judge (Junior Division),Ms. Anu Chaudhary,https://meet.google.com/omp-oxcv-ubg,Not published,,Ms. Prabhjot Kaur,8725800861,Not published,https://cdnbbsr.s3waas.gov.in/s3ec0288e1ce84f9feef5a08d0df0334c5/uploads/2026/07/2026072251.pdf
21,"Principal Judge, Family Court (SAS Nagar (Family Court))",Sh. Randhir Verma,https://meet.google.com/tfk-ydqy-gxu,Not published,,Ms. Mandeep Kaur,9814691789,Not published,https://cdnbbsr.s3waas.gov.in/s3ec0288e1ce84f9feef5a08d0df0334c5/uploads/2026/07/2026072251.pdf
22,"Addl. Principal Judge, Family Court (SAS Nagar (Family Court))",Sh. Amanpreet Singh,https://meet.google.com/brc-eovy-qrn,Not published,,Sh. Deshpaul,9464843445,Not published,https://cdnbbsr.s3waas.gov.in/s3ec0288e1ce84f9feef5a08d0df0334c5/uploads/2026/07/2026072251.pdf
23,"Special Judge, CBI (SAS Nagar (CBI Courts))",Sh. Dinesh Kumar Wadhwa,https://meet.google.com/dxw-nfua-afs,Not published,,Sh. Lakhwinder Singh,9876770059,Not published,https://cdnbbsr.s3waas.gov.in/s3ec0288e1ce84f9feef5a08d0df0334c5/uploads/2026/07/2026072251.pdf
24,Addl. District & Sessions Judge (SAS Nagar (CBI Courts)),Sh. Baljinder Singh Sra,https://meet.google.com/yaj-rpmm-rod,Not published,,Ms. Harjinder Kaur,7529066486,Not published,https://cdnbbsr.s3waas.gov.in/s3ec0288e1ce84f9feef5a08d0df0334c5/uploads/2026/07/2026072251.pdf
25,"Special Judicial Magistrate, CBI (SAS Nagar (CBI Courts))",Sh. Karanvir Singh Maju,https://meet.google.com/cpc-sfmg-wke,Not published,,Ms. Sameera Sharma,8699050848,Not published,https://cdnbbsr.s3waas.gov.in/s3ec0288e1ce84f9feef5a08d0df0334c5/uploads/2026/07/2026072251.pdf
26,"Addl. Principal Judge, Family Court (Dera Bassi)",Sh. Amandpreet Singh,https://meet.google.com/hkj-wnvv-rbn,Not published,,Sh. Desh Paul,9464843445,Not published,https://cdnbbsr.s3waas.gov.in/s3ec0288e1ce84f9feef5a08d0df0334c5/uploads/2026/07/2026072251.pdf
27,Addl. Civil Judge (Senior Division) (Dera Bassi),Ms. Navreet Kaur,https://meet.google.com/jts-ocdm-jdf,Not published,,Sh. Vipan Kumar,9888692626,Not published,https://cdnbbsr.s3waas.gov.in/s3ec0288e1ce84f9feef5a08d0df0334c5/uploads/2026/07/2026072251.pdf
28,Civil Judge (Junior Division) (Dera Bassi),Ms. Parneet Kaur,https://meet.google.com/utr-eyik-xsa,Not published,,Sh. Amarjeet Singh,7307186607,Not published,https://cdnbbsr.s3waas.gov.in/s3ec0288e1ce84f9feef5a08d0df0334c5/uploads/2026/07/2026072251.pdf
29,Civil Judge (Junior Division) (Dera Bassi),Ms. Gurpreet Kaur-IV,https://meet.google.com/pzs-fhpz-ayk,Not published,,Sh. Mithu Bansal,9417494443,Not published,https://cdnbbsr.s3waas.gov.in/s3ec0288e1ce84f9feef5a08d0df0334c5/uploads/2026/07/2026072251.pdf
30,Civil Judge (Junior Division) (Dera Bassi),Ms. Nandita,https://meet.google.com/qnv-vvyc-hbf,Not published,,Sh. Rajinder,8146928898,Not published,https://cdnbbsr.s3waas.gov.in/s3ec0288e1ce84f9feef5a08d0df0334c5/uploads/2026/07/2026072251.pdf
31,Civil Judge (Junior Division) (Dera Bassi),Ms. Dauphin Ghotra,https://meet.google.com/yyv-tuja-zdz,Not published,,Sh. Harish Sehgal,9463740332,Not published,https://cdnbbsr.s3waas.gov.in/s3ec0288e1ce84f9feef5a08d0df0334c5/uploads/2026/07/2026072251.pdf
32,Civil Judge (Junior Division) (Dera Bassi),Ms. Yogita,https://meet.google.com/ice-qpfv-otr,Not published,,Ms. Gurpreet Kaur,8146796960,Not published,https://cdnbbsr.s3waas.gov.in/s3ec0288e1ce84f9feef5a08d0df0334c5/uploads/2026/07/2026072251.pdf
33,Civil Judge (Junior Division) (Dera Bassi),Ms. Jasmine-I,https://meet.google.com/fty-repg-mod,Not published,,Ms. Jaspreet Sidhu,9914589204,Not published,https://cdnbbsr.s3waas.gov.in/s3ec0288e1ce84f9feef5a08d0df0334c5/uploads/2026/07/2026072251.pdf
34,Civil Judge (Junior Division) (Dera Bassi),Ms. Renika Gera,https://meet.google.com/mpx-mzin-kdj,Not published,,Sh. Nitin Lamba,9888864620,Not published,https://cdnbbsr.s3waas.gov.in/s3ec0288e1ce84f9feef5a08d0df0334c5/uploads/2026/07/2026072251.pdf
35,Civil Judge (Junior Division) (Dera Bassi),Ms. Manmeet Kaur,https://meet.google.com/jdk-ujyb-axn,Not published,,Ms. Gulshan Sharma,9646656659,Not published,https://cdnbbsr.s3waas.gov.in/s3ec0288e1ce84f9feef5a08d0df0334c5/uploads/2026/07/2026072251.pdf
36,"Addl. Principal Judge, Family Court (Kharar)",Sh. Randhir Verma,https://meet.google.com/cgj-fxeb-zqp,Not published,,Ms. Mandeep Kaur,9814691789,Not published,https://cdnbbsr.s3waas.gov.in/s3ec0288e1ce84f9feef5a08d0df0334c5/uploads/2026/07/2026072251.pdf
37,Addl. Civil Judge (Senior Division) (Kharar),Sh. Hasan Deep Singh Bajwa,https://meet.google.com/oaj-qxva-dns,Not published,,Ritu Rani,9814850004,Not published,https://cdnbbsr.s3waas.gov.in/s3ec0288e1ce84f9feef5a08d0df0334c5/uploads/2026/07/2026072251.pdf
38,Civil Judge (Junior Division) (Kharar),Sh. Gurmehtab Singh,https://meet.google.com/ctx-jhin-zrq,Not published,,Manish Jain,8837553614,Not published,https://cdnbbsr.s3waas.gov.in/s3ec0288e1ce84f9feef5a08d0df0334c5/uploads/2026/07/2026072251.pdf
39,Civil Judge (Junior Division) (Kharar),Sh. Tanveer Singh Madhav,https://meet.google.com/xou-yxvt-tbv,Not published,,Rajvinder Kaur,988829177 (as printed: 9 digits),Not published,https://cdnbbsr.s3waas.gov.in/s3ec0288e1ce84f9feef5a08d0df0334c5/uploads/2026/07/2026072251.pdf
40,Civil Judge (Junior Division) (Kharar),Sh. Mandeep Singh Kainth,https://meet.google.com/ckw-dxja-xdx,Not published,,Jatinder Kumar,9876614787,Not published,https://cdnbbsr.s3waas.gov.in/s3ec0288e1ce84f9feef5a08d0df0334c5/uploads/2026/07/2026072251.pdf
41,Civil Judge (Junior Division) (Kharar),Ms. Shweta Dass,https://meet.google.com/nwb-aptg-fog,Not published,,Rajinder Singh,8146928898,Not published,https://cdnbbsr.s3waas.gov.in/s3ec0288e1ce84f9feef5a08d0df0334c5/uploads/2026/07/2026072251.pdf
42,Civil Judge (Junior Division) (Dera Bassi),Ms. Chahat Chhabra,https://meet.google.com/typ-xgjn-byj,Not published,,Sanjeev Kumar Sharma,9815673928,Not published,https://cdnbbsr.s3waas.gov.in/s3ec0288e1ce84f9feef5a08d0df0334c5/uploads/2026/07/2026072251.pdf
43,Civil Judge (Junior Division) (Dera Bassi),Ms. Maitri Kakkar,https://meet.google.com/cjy-tggm-jvb,Not published,,Rajat Sharma,9888550013,Not published,https://cdnbbsr.s3waas.gov.in/s3ec0288e1ce84f9feef5a08d0df0334c5/uploads/2026/07/2026072251.pdf
44,Civil Judge (Junior Division) (Dera Bassi),Ms. Prabhjot Kaur Virdi,https://meet.google.com/jxp-memf-vio,Not published,,Sharanjit Kaur,9888232587,Not published,https://cdnbbsr.s3waas.gov.in/s3ec0288e1ce84f9feef5a08d0df0334c5/uploads/2026/07/2026072251.pdf

Duty Magistrates
Item,Official source
"Duty Roster, October 2026 (CJM SAS Nagar) (official PDF; The official roster is a scanned document; it is linked rather than retyped, to avoid copying errors.)",https://cdnbbsr.s3waas.gov.in/s3ec0288e1ce84f9feef5a08d0df0334c5/uploads/2026/09/2026092557.pdf
Duty Magistrate page,https://sasnagar.dcourts.gov.in/duty-magistrate/

Police-station-wise (Ilaqa) Magistrates (Police Station Wise Magistrates posted at SAS Nagar (dated 02.05.2026))
Judicial officer,Designation,Area,Police stations allotted,Official source
Sh. Rupinder Singh,ACJM,"District HQ, Mohali",Mataur,https://cdnbbsr.s3waas.gov.in/s3ec0288e1ce84f9feef5a08d0df0334c5/uploads/2026/06/2026060228.pdf
Sh. Ravneet Singh,CJM,"District HQ, Mohali",Phase I; Police Post VI; Police Post VIII (Industrial Area); Airport; Vigilance Bureau; SSOC; RPF,https://cdnbbsr.s3waas.gov.in/s3ec0288e1ce84f9feef5a08d0df0334c5/uploads/2026/06/2026060228.pdf
Ms. Manpreet Kaur,JMIC,"District HQ, Mohali",J.J. Board; State Crime; State Cyber Crime,https://cdnbbsr.s3waas.gov.in/s3ec0288e1ce84f9feef5a08d0df0334c5/uploads/2026/06/2026060228.pdf
Sh. Abhay Rajan Shukla,JMIC,"District HQ, Mohali",Exclusive s.138 court (w.e.f. 20.08.2022),https://cdnbbsr.s3waas.gov.in/s3ec0288e1ce84f9feef5a08d0df0334c5/uploads/2026/06/2026060228.pdf
Ms. Poonam Kashyap,JMIC,"District HQ, Mohali",Phase XI; Special Task Force,https://cdnbbsr.s3waas.gov.in/s3ec0288e1ce84f9feef5a08d0df0334c5/uploads/2026/06/2026060228.pdf
Sh. Kirandeep Singh,JMIC,"District HQ, Mohali",NRI; Women Cell; Phase VIII,https://cdnbbsr.s3waas.gov.in/s3ec0288e1ce84f9feef5a08d0df0334c5/uploads/2026/06/2026060228.pdf
Sh. Sangam Kaushal,JMIC,"District HQ, Mohali",Banur; Sohana,https://cdnbbsr.s3waas.gov.in/s3ec0288e1ce84f9feef5a08d0df0334c5/uploads/2026/06/2026060228.pdf
Sh. Karanvir Singh Maju,"Spl. JM, CBI","District HQ, Mohali",CBI,https://cdnbbsr.s3waas.gov.in/s3ec0288e1ce84f9feef5a08d0df0334c5/uploads/2026/06/2026060228.pdf
Ms. Sarvesha Sharma,JMIC,"District HQ, Mohali",IT City,https://cdnbbsr.s3waas.gov.in/s3ec0288e1ce84f9feef5a08d0df0334c5/uploads/2026/06/2026060228.pdf
Ms. Navreet Kaur,SDJM,Sub-Division Dera Bassi,Dera Bassi,https://cdnbbsr.s3waas.gov.in/s3ec0288e1ce84f9feef5a08d0df0334c5/uploads/2026/06/2026060228.pdf
Ms. Sudipa Kuar (as printed),JMIC,Sub-Division Dera Bassi,Zirakpur,https://cdnbbsr.s3waas.gov.in/s3ec0288e1ce84f9feef5a08d0df0334c5/uploads/2026/06/2026060228.pdf
Ms. Parneet Kaur,JMIC,Sub-Division Dera Bassi,Dhakoli,https://cdnbbsr.s3waas.gov.in/s3ec0288e1ce84f9feef5a08d0df0334c5/uploads/2026/06/2026060228.pdf
Ms. Gurpreet Kaur,JMIC,Sub-Division Dera Bassi,Lalru,https://cdnbbsr.s3waas.gov.in/s3ec0288e1ce84f9feef5a08d0df0334c5/uploads/2026/06/2026060228.pdf
Ms. Nandita,JMIC,Sub-Division Dera Bassi,Handesra,https://cdnbbsr.s3waas.gov.in/s3ec0288e1ce84f9feef5a08d0df0334c5/uploads/2026/06/2026060228.pdf
Sh. Hasandeep Singh Bajwa,SDJM,Sub-Division Kharar,City Kharar,https://cdnbbsr.s3waas.gov.in/s3ec0288e1ce84f9feef5a08d0df0334c5/uploads/2026/06/2026060228.pdf
Sh. Gurmehtab Singh,JMIC,Sub-Division Kharar,Nayagaon,https://cdnbbsr.s3waas.gov.in/s3ec0288e1ce84f9feef5a08d0df0334c5/uploads/2026/06/2026060228.pdf
Sh. Tanveer Singh Madhav,JMIC,Sub-Division Kharar,Mullanpur,https://cdnbbsr.s3waas.gov.in/s3ec0288e1ce84f9feef5a08d0df0334c5/uploads/2026/06/2026060228.pdf
Sh. Mandeep Singh Kainth,JMIC,Sub-Division Kharar,City Kurali; Block Majri,https://cdnbbsr.s3waas.gov.in/s3ec0288e1ce84f9feef5a08d0df0334c5/uploads/2026/06/2026060228.pdf
Ms. Shweta Dass,JMIC,Sub-Division Kharar,Sadar Kharar; Gharuan,https://cdnbbsr.s3waas.gov.in/s3ec0288e1ce84f9feef5a08d0df0334c5/uploads/2026/06/2026060228.pdf
Ms. Ankita Gupta,JMIC,Sub-Division Kharar,Sadar Kurali,https://cdnbbsr.s3waas.gov.in/s3ec0288e1ce84f9feef5a08d0df0334c5/uploads/2026/06/2026060228.pdf
Dr. Seema Agnihotri,JMIC,Sub-Division Kharar,Balongi,https://cdnbbsr.s3waas.gov.in/s3ec0288e1ce84f9feef5a08d0df0334c5/uploads/2026/06/2026060228.pdf

Routine official links
Item,Official link
VC links: court-wise list (official),https://cdnbbsr.s3waas.gov.in/s3ec0288e1ce84f9feef5a08d0df0334c5/uploads/2026/07/2026072251.pdf
VC page on the court website,https://sasnagar.dcourts.gov.in/document/vc-information/
Cause list / daily board (also serves as the display board),https://sasnagar.dcourts.gov.in/cause-list-%e2%81%84-daily-board/
Detailed cause list (P&H High Court portal),https://highcourtchd.gov.in/3_pb/district/mohali/clc_dist.php
Case status: by case number,https://sasnagar.dcourts.gov.in/case-status-search-by-case-number/
Case status: by party name,https://sasnagar.dcourts.gov.in/case-status-search-by-petitioner-respondent/
Case status: by FIR number,https://sasnagar.dcourts.gov.in/case-status-search-by-fir-number/
Case status: by advocate,https://sasnagar.dcourts.gov.in/case-status-search-by-advocate/
Court orders: by case number,https://sasnagar.dcourts.gov.in/court-orders-search-by-case-number/
"e-Filing 3.0 in District Courts of Punjab, Haryana & UT Chandigarh (official notice)",https://cdnbbsr.s3waas.gov.in/s3ec014db0f8b0fc895da263fd77fc8aec/uploads/2024/02/2024022583.pdf
e-Filing portal (eCourts),https://efiling.ecourts.gov.in/
VC Rules for Subordinate Courts of Punjab & Haryana (VC SOP),https://cdnbbsr.s3waas.gov.in/s3ec014db0f8b0fc895da263fd77fc8aec/uploads/2023/02/2023022856.pdf
Duty Magistrate (official page),https://sasnagar.dcourts.gov.in/duty-magistrate/
"Duty roster, current month (official PDF)",https://cdnbbsr.s3waas.gov.in/s3ec0288e1ce84f9feef5a08d0df0334c5/uploads/2026/09/2026092557.pdf
Police Station Wise Magistrate (official page),https://sasnagar.dcourts.gov.in/police-station-wise-magistrate/
Police-station-wise order (official PDF),https://cdnbbsr.s3waas.gov.in/s3ec0288e1ce84f9feef5a08d0df0334c5/uploads/2026/06/2026060228.pdf
Police stations: official police directory,https://sasnagar.punjabpolice.gov.in/dept_contacts.php
Certified copy: application form (official PDF),https://cdnbbsr.s3waas.gov.in/s3ec0288e1ce84f9feef5a08d0df0334c5/uploads/2023/05/2023051351.pdf
Court forms (official page),https://sasnagar.dcourts.gov.in/forms/

Phone directory (links to official pages only)
Directory / contact page,Official link
District Courts SAS Nagar: Contact Us (official),https://sasnagar.dcourts.gov.in/contact-us/
Bar Council of Punjab & Haryana: bar association office bearers (official),https://bcph.co.in/office-bearer-of-the-bar-association-in-the-state-of-punjab-haryana/
