"Duty Magistrates: Chandigarh, October 2026"
"Last verified: 10 October 2026. Duty Roster, October 2026 (CJM Chandigarh order dated 30.09.2026): https://cdnbbsr.s3waas.gov.in/s3ec014db0f8b0fc895da263fd77fc8aec/uploads/2026/10/2026100115.pdf. Mohali and Panchkula rosters: official PDFs linked on the page."
Disclaimer: This information has been collected from publicly available official online sources and is updated from those web resources. It is provided for convenience only. Please verify the latest details on the linked official source. Master Legal Work does not accept liability for any change or error in the source information.

"Duty Magistrates: Chandigarh, October 2026"
Duty Magistrate,Office phone,Mobile (as published),From,To,Source
"Ms. Neelam, JMIC",0172-2676209,8221888231,01.10.2026,02.10.2026,https://cdnbbsr.s3waas.gov.in/s3ec014db0f8b0fc895da263fd77fc8aec/uploads/2026/10/2026100115.pdf
"Ms. Navjot Kaur, JMIC",0172-2676219,8283826470,03.10.2026,04.10.2026,https://cdnbbsr.s3waas.gov.in/s3ec014db0f8b0fc895da263fd77fc8aec/uploads/2026/10/2026100115.pdf
"Ms. Chinu Sharma, JMIC",0172-2676217,8146488998,05.10.2026,06.10.2026,https://cdnbbsr.s3waas.gov.in/s3ec014db0f8b0fc895da263fd77fc8aec/uploads/2026/10/2026100115.pdf
"Ms. Divya Sharma, JMIC",0172-2676218,9780557868,07.10.2026,08.10.2026,https://cdnbbsr.s3waas.gov.in/s3ec014db0f8b0fc895da263fd77fc8aec/uploads/2026/10/2026100115.pdf
"Ms. Ramandeep Kaur, JMIC",0172-2676213,904102697 (as printed: 9 digits),09.10.2026,10.10.2026,https://cdnbbsr.s3waas.gov.in/s3ec014db0f8b0fc895da263fd77fc8aec/uploads/2026/10/2026100115.pdf
"Sh. Kaushal Kumar Yadav, JMIC",0172-2676216,7027908999,11.10.2026,12.10.2026,https://cdnbbsr.s3waas.gov.in/s3ec014db0f8b0fc895da263fd77fc8aec/uploads/2026/10/2026100115.pdf
"Sh. Sher Singh, JMIC",0172-2676229,8053930313,13.10.2026,14.10.2026,https://cdnbbsr.s3waas.gov.in/s3ec014db0f8b0fc895da263fd77fc8aec/uploads/2026/10/2026100115.pdf
"Ms. Raminder Kaur, JMIC",0172-2676230,9988217017,15.10.2026,16.10.2026,https://cdnbbsr.s3waas.gov.in/s3ec014db0f8b0fc895da263fd77fc8aec/uploads/2026/10/2026100115.pdf
"Dr. Ambika Sharma, JMIC",0172-2601054,9888260306,17.10.2026,18.10.2026,https://cdnbbsr.s3waas.gov.in/s3ec014db0f8b0fc895da263fd77fc8aec/uploads/2026/10/2026100115.pdf
"Ms. Jaspreet Kaur, JMIC",0172-2676224,7115177721,19.10.2026,20.10.2026,https://cdnbbsr.s3waas.gov.in/s3ec014db0f8b0fc895da263fd77fc8aec/uploads/2026/10/2026100115.pdf
"Ms. Navneet Kaur, JMIC",0172-2676228,8557020786,21.10.2026,22.10.2026,https://cdnbbsr.s3waas.gov.in/s3ec014db0f8b0fc895da263fd77fc8aec/uploads/2026/10/2026100115.pdf
"Sh. Kuldeep Singh, JMIC",0172-2676226,9872120175,23.10.2026,24.10.2026,https://cdnbbsr.s3waas.gov.in/s3ec014db0f8b0fc895da263fd77fc8aec/uploads/2026/10/2026100115.pdf
"Ms. Bhawna Gera, JMIC",0172-2676220,7837399643,25.10.2026,26.10.2026,https://cdnbbsr.s3waas.gov.in/s3ec014db0f8b0fc895da263fd77fc8aec/uploads/2026/10/2026100115.pdf
"Ms. Ritu Tanwar, JMIC",0172-2676221,8851313298,27.10.2026,28.10.2026,https://cdnbbsr.s3waas.gov.in/s3ec014db0f8b0fc895da263fd77fc8aec/uploads/2026/10/2026100115.pdf
"Dr. Prikshit, JMIC",0172-2676211,8199988883,29.10.2026,31.10.2026,https://cdnbbsr.s3waas.gov.in/s3ec014db0f8b0fc895da263fd77fc8aec/uploads/2026/10/2026100115.pdf
