"District Courts, Chandigarh"
"Last verified: 10 October 2026. Official court-wise VC list (September 2026): https://cdnbbsr.s3waas.gov.in/s3ec014db0f8b0fc895da263fd77fc8aec/uploads/2026/09/2026091525.pdf. Last verified 10 October 2026; next verification by 10 November 2026 (monthly), or earlier when new information arrives. Zoom details: Drive file ""Chandigarh VC Links.xlsx"" (ID 1ZVPD95uAhMg1lPr-NeRAYAmhOEDRSNzC), matched to the official list by the same Google Meet link."
Disclaimer: This information has been collected from publicly available official online sources and is updated from those web resources. It is provided for convenience only. Please verify the latest details on the linked official source. Master Legal Work does not accept liability for any change or error in the source information.

VC links
Sr.,Court,Presiding officer,VC link (Google Meet),Zoom link,Zoom Meeting ID / passcode,Reader / dealing official,Mobile (as published),Court email,Official source
1,District & Sessions Judge,Not shown in list,https://meet.google.com/gcs-fyyr-cyv,https://us05web.zoom.us/j/4820639583?pwd=uMW6cPX9MU6zvJTbuc619jpvzfEvgQ.1,482 063 9583 / Y09GR2,Mewa Singh,84373 33375,dj-chd@phhc.gov.in,https://cdnbbsr.s3waas.gov.in/s3ec014db0f8b0fc895da263fd77fc8aec/uploads/2026/09/2026091525.pdf
2,Addl. District & Sessions Judge,Ms. Harinder Sidhu,https://meet.google.com/cqu-tccy-npo,Not published,,Sanjeev Rathi,79733 46480,adj-chd25@phhc.gov.in,https://cdnbbsr.s3waas.gov.in/s3ec014db0f8b0fc895da263fd77fc8aec/uploads/2026/09/2026091525.pdf
3,Addl. District & Sessions Judge,Dr. Harpreet Kaur,https://meet.google.com/vme-zjdz-suz,Not published,,Ashok Kumar,78377 14001,adj-chd2@phhc.gov.in,https://cdnbbsr.s3waas.gov.in/s3ec014db0f8b0fc895da263fd77fc8aec/uploads/2026/09/2026091525.pdf
4,"Special Judge, CBI Court",Ms. Bhawna Jain,https://meet.google.com/ozu-tfpd-rbq,Not published,,Shashi Bala,99144 62175,adj-chd20@phhc.gov.in,https://cdnbbsr.s3waas.gov.in/s3ec014db0f8b0fc895da263fd77fc8aec/uploads/2026/09/2026091525.pdf
5,Addl. District & Sessions Judge,Sh. Puneet Mohan Sharma,https://meet.google.com/srd-oozd-pov,https://us05web.zoom.us/j/5024649085?pwd=2b0xybGIWhMwg6av0r3T97zsaIb5Zm.1,502 464 9085 / 1u9fE1,Reema Gupta,94172 48191,adj-chd4@phhc.gov.in,https://cdnbbsr.s3waas.gov.in/s3ec014db0f8b0fc895da263fd77fc8aec/uploads/2026/09/2026091525.pdf
6,"Addl. District & Sessions Judge (Fast Track Spl. Court, POCSO)",Dr. Yashika,https://meet.google.com/emx-porw-ghn,https://us05web.zoom.us/j/9898205254?pwd=NNXbNt41SGQ2xIni73LBuIbambZWLl.1,989 820 5254 / 7zxpHP,Shyam Lal,85590 92121,adj-chd5@phhc.gov.in,https://cdnbbsr.s3waas.gov.in/s3ec014db0f8b0fc895da263fd77fc8aec/uploads/2026/09/2026091525.pdf
7,Addl. District & Sessions Judge,Sh. Rohit Watts,https://meet.google.com/rpp-tzbz-utn,https://us05web.zoom.us/j/8047845874?pwd=BSiDzgYHbGyqFWulXfOV8SfvFZeQ18.1,804 784 5874 / 0nDC3H,Uma Sanwal,98880 52234,adj-chd3@phhc.gov.in,https://cdnbbsr.s3waas.gov.in/s3ec014db0f8b0fc895da263fd77fc8aec/uploads/2026/09/2026091525.pdf
8,"Special Judge, NDPS Court",Sh. Raman Goklaney,https://meet.google.com/mqf-cqmb-ave,https://us05web.zoom.us/j/5234670717?pwd=8FvBajthvbLReqtO3UbsdY38rxzh5b.1,523 467 0717 / H9yRPy,Amandeep Kaur,98786 42185,adj-chd26@phhc.gov.in,https://cdnbbsr.s3waas.gov.in/s3ec014db0f8b0fc895da263fd77fc8aec/uploads/2026/09/2026091525.pdf
9,Addl. District & Sessions Judge,Sh. Arvind Kumar,https://meet.google.com/gvo-pvpf-bvx,Not published,,Pankaj Jaidka,96460 02699,adj-chd24@phhc.gov.in,https://cdnbbsr.s3waas.gov.in/s3ec014db0f8b0fc895da263fd77fc8aec/uploads/2026/09/2026091525.pdf
10,Addl. District & Sessions Judge,Sh. Amit Kumar Grover,https://meet.google.com/igz-udtu-cpb,https://us05web.zoom.us/j/4408003854?pwd=rXPIuhdL9W5ohNH2FR03Nd0DCkcn9L.1,440 800 3854 / 4QjeG6,Rajni,89681 14898,adj-chd21@phhc.gov.in,https://cdnbbsr.s3waas.gov.in/s3ec014db0f8b0fc895da263fd77fc8aec/uploads/2026/09/2026091525.pdf
11,Chief Judicial Magistrate,Sh. Sachin Yadav,https://meet.google.com/zdf-znyv-fft,https://us05web.zoom.us/j/8989580635?pwd=spZe7W8oIgc1POCdR2QOdps1FjbJ79.1,898 958 0635 / U7MmDf,Ajay Bansal,94634 94688,cjmchd-dc@phhc.gov.in,https://cdnbbsr.s3waas.gov.in/s3ec014db0f8b0fc895da263fd77fc8aec/uploads/2026/09/2026091525.pdf
12,Addl. Chief Judicial Magistrate,Ms. Sonali Singh,https://meet.google.com/btj-fqfe-phb,https://us05web.zoom.us/j/6208161422?pwd=49quK3h8g2u905d6XpsKm832gGL4Uq.1,620 816 1422 / g91gU4,Neeraj,87279 70896,acjm-chd@phhc.gov.in,https://cdnbbsr.s3waas.gov.in/s3ec014db0f8b0fc895da263fd77fc8aec/uploads/2026/09/2026091525.pdf
13,"Principal Magistrate, Juvenile Justice Board",Sh. Sumit Kalon,https://meet.google.com/cep-typd-xse,https://us05web.zoom.us/j/2642134715?pwd=SXbumjaLVbZbUU6uQKTlUOwp5WUm51.1,264 213 4715 / EXaE3u,Dropati,98558 30463,jmic-chd17@phhc.gov.in,https://cdnbbsr.s3waas.gov.in/s3ec014db0f8b0fc895da263fd77fc8aec/uploads/2026/09/2026091525.pdf
14,"Special Magistrate, CBI Court",Ms. Neelam,https://meet.google.com/pya-yfxw-kdf,Not published,,Vinay Puri,98722 03567,jmic-chd21@phhc.gov.in,https://cdnbbsr.s3waas.gov.in/s3ec014db0f8b0fc895da263fd77fc8aec/uploads/2026/09/2026091525.pdf
15,Judicial Magistrate 1st Class,Sh. Sher Singh,https://meet.google.com/irk-pxcv-dcj,Not published,,Parveen Kumari,98783 11602,jmic-chd31@phhc.gov.in,https://cdnbbsr.s3waas.gov.in/s3ec014db0f8b0fc895da263fd77fc8aec/uploads/2026/09/2026091525.pdf
16,"Exclusive Court, s.138 N.I. Act",Sh. Jasbeer Singh,https://meet.google.com/isy-csef-dep,Not published,,Rajni Saini,92178 08182,jmic-chd30@phhc.gov.in,https://cdnbbsr.s3waas.gov.in/s3ec014db0f8b0fc895da263fd77fc8aec/uploads/2026/09/2026091525.pdf
17,Judicial Magistrate 1st Class,Dr. Ambika Sharma,https://meet.google.com/eou-qkfp-adv,https://us05web.zoom.us/j/7475742291?pwd=6sikBpt9RqlofaEVbfOGva3NDsjAot.1,747 574 2291 / MqT5nu,Kulwinder Singh,98159 59867,jmic-chd32@phhc.gov.in,https://cdnbbsr.s3waas.gov.in/s3ec014db0f8b0fc895da263fd77fc8aec/uploads/2026/09/2026091525.pdf
18,"Exclusive Court, s.138 N.I. Act",Ms. Divya Sharma,https://meet.google.com/pse-aidq-yvr,Not published,,Anju Maini,79868 40979,jmic-chd34@phhc.gov.in,https://cdnbbsr.s3waas.gov.in/s3ec014db0f8b0fc895da263fd77fc8aec/uploads/2026/09/2026091525.pdf
19,Judicial Magistrate 1st Class,Ms. Rubina Josan,https://meet.google.com/hri-qgwv-app,Not published,,Sohan Lal,62844 64949,jmic-chd9@phhc.gov.in,https://cdnbbsr.s3waas.gov.in/s3ec014db0f8b0fc895da263fd77fc8aec/uploads/2026/09/2026091525.pdf
20,Judicial Magistrate 1st Class,Ms. Chinu Sharma,https://meet.google.com/khs-uxxb-kwd,https://us05web.zoom.us/j/3816725353?pwd=B7F4Mrxfw9r9LoentCHRaifYiJwb43.1,381 672 5353 / iZ5SE7,Anil Nanda,97804 01103,jmic-chd11@phhc.gov.in,https://cdnbbsr.s3waas.gov.in/s3ec014db0f8b0fc895da263fd77fc8aec/uploads/2026/09/2026091525.pdf
21,Judicial Magistrate 1st Class,Ms. Navneet Kaur,https://meet.google.com/ifa-wngd-sgy,https://us05web.zoom.us/j/8250712325?pwd=e6aGtDjtuREHkvSyZTsIP494hEW1Ju.1,825 071 2325 / Wf0vcu,Ritu Singla,98726 25869,jmic-chd8@phhc.gov.in,https://cdnbbsr.s3waas.gov.in/s3ec014db0f8b0fc895da263fd77fc8aec/uploads/2026/09/2026091525.pdf
22,Judicial Magistrate 1st Class,Sh. Kaushal Kumar Yadav,https://meet.google.com/yok-pacd-qjy,https://us05web.zoom.us/j/2516917678?pwd=zNRchsohAd6bHmLK41hmoURVV0KVLk.1,251 691 7678 / vRscR2,Anoop Kumar,94176 88469,jmic-chd36@phhc.gov.in,https://cdnbbsr.s3waas.gov.in/s3ec014db0f8b0fc895da263fd77fc8aec/uploads/2026/09/2026091525.pdf
23,Judicial Magistrate 1st Class,Ms. Raminder Kaur,https://meet.google.com/zvk-opji-quy,Not published,,Jasbinder Singh,97795 77949,jmic-chd33@phhc.gov.in,https://cdnbbsr.s3waas.gov.in/s3ec014db0f8b0fc895da263fd77fc8aec/uploads/2026/09/2026091525.pdf
24,Judicial Magistrate 1st Class,Ms. Navjot Kaur-I,https://meet.google.com/rpy-eqwq-hgo,Not published,,Rajesh Kumar,95012 21973,jmic-chd13@phhc.gov.in,https://cdnbbsr.s3waas.gov.in/s3ec014db0f8b0fc895da263fd77fc8aec/uploads/2026/09/2026091525.pdf
25,"Exclusive Court, s.138 N.I. Act",Ms. Jaspreet Kaur,https://meet.google.com/ndd-amzu-mdc,Not published,,Sonia,98728 83366,jmic-chd35@phhc.gov.in,https://cdnbbsr.s3waas.gov.in/s3ec014db0f8b0fc895da263fd77fc8aec/uploads/2026/09/2026091525.pdf
26,"Exclusive Court, s.138 N.I. Act",Ms. Ramandeep Kaur,https://meet.google.com/izx-bdsf-ofk,Not published,,Lata Gupta,76963 08367,jmic-chd18@phhc.gov.in,https://cdnbbsr.s3waas.gov.in/s3ec014db0f8b0fc895da263fd77fc8aec/uploads/2026/09/2026091525.pdf
27,Judicial Magistrate 1st Class,Sh. Kuldeep Singh,https://meet.google.com/oms-gptb-ojo,Not published,,Balwinder Kaur,98552 26066,jmic-chd22@phhc.gov.in,https://cdnbbsr.s3waas.gov.in/s3ec014db0f8b0fc895da263fd77fc8aec/uploads/2026/09/2026091525.pdf
28,"Exclusive Court, s.138 N.I. Act",Ms. Bhawna Gera,https://meet.google.com/oxe-wdnc-iqk,Not published,,Surinder Kumar,81469 61210,jmic-chd15@phhc.gov.in,https://cdnbbsr.s3waas.gov.in/s3ec014db0f8b0fc895da263fd77fc8aec/uploads/2026/09/2026091525.pdf
29,"Exclusive Court, s.138 N.I. Act",Ms. Ritu Tanwar,https://meet.google.com/vnd-skae-jtj,https://us05web.zoom.us/j/5558193222?pwd=RmGLTaOIUrwOaRsWnSL6ADAJOgonxN.1,555 819 3222 / 34pHpr,Rita Kaushik,99888 05534,jmic-chd10@phhc.gov.in,https://cdnbbsr.s3waas.gov.in/s3ec014db0f8b0fc895da263fd77fc8aec/uploads/2026/09/2026091525.pdf
30,Judicial Magistrate 1st Class,Dr. Prikshit,https://meet.google.com/zcw-cmxc-ffo,Not published,,Bhushan Kumar,94648 94785,jmic-chd14@phhc.gov.in,https://cdnbbsr.s3waas.gov.in/s3ec014db0f8b0fc895da263fd77fc8aec/uploads/2026/09/2026091525.pdf
31,Computer Branch (VC help desk),Not shown in list,https://meet.google.com/jrc-phen-you,Not published,,System Officer / System Assistants,85588 90551,Not published,https://cdnbbsr.s3waas.gov.in/s3ec014db0f8b0fc895da263fd77fc8aec/uploads/2026/09/2026091525.pdf

"Duty Magistrates (Duty Roster, October 2026 (CJM Chandigarh order dated 30.09.2026))"
Duty Magistrate,Office phone,Mobile (as published),From,To,Official source
"Ms. Neelam, JMIC",0172-2676209,8221888231,01.10.2026,02.10.2026,https://cdnbbsr.s3waas.gov.in/s3ec014db0f8b0fc895da263fd77fc8aec/uploads/2026/10/2026100115.pdf
"Ms. Navjot Kaur, JMIC",0172-2676219,8283826470,03.10.2026,04.10.2026,https://cdnbbsr.s3waas.gov.in/s3ec014db0f8b0fc895da263fd77fc8aec/uploads/2026/10/2026100115.pdf
"Ms. Chinu Sharma, JMIC",0172-2676217,8146488998,05.10.2026,06.10.2026,https://cdnbbsr.s3waas.gov.in/s3ec014db0f8b0fc895da263fd77fc8aec/uploads/2026/10/2026100115.pdf
"Ms. Divya Sharma, JMIC",0172-2676218,9780557868,07.10.2026,08.10.2026,https://cdnbbsr.s3waas.gov.in/s3ec014db0f8b0fc895da263fd77fc8aec/uploads/2026/10/2026100115.pdf
"Ms. Ramandeep Kaur, JMIC",0172-2676213,904102697 (as printed: 9 digits),09.10.2026,10.10.2026,https://cdnbbsr.s3waas.gov.in/s3ec014db0f8b0fc895da263fd77fc8aec/uploads/2026/10/2026100115.pdf
"Sh. Kaushal Kumar Yadav, JMIC",0172-2676216,7027908999,11.10.2026,12.10.2026,https://cdnbbsr.s3waas.gov.in/s3ec014db0f8b0fc895da263fd77fc8aec/uploads/2026/10/2026100115.pdf
"Sh. Sher Singh, JMIC",0172-2676229,8053930313,13.10.2026,14.10.2026,https://cdnbbsr.s3waas.gov.in/s3ec014db0f8b0fc895da263fd77fc8aec/uploads/2026/10/2026100115.pdf
"Ms. Raminder Kaur, JMIC",0172-2676230,9988217017,15.10.2026,16.10.2026,https://cdnbbsr.s3waas.gov.in/s3ec014db0f8b0fc895da263fd77fc8aec/uploads/2026/10/2026100115.pdf
"Dr. Ambika Sharma, JMIC",0172-2601054,9888260306,17.10.2026,18.10.2026,https://cdnbbsr.s3waas.gov.in/s3ec014db0f8b0fc895da263fd77fc8aec/uploads/2026/10/2026100115.pdf
"Ms. Jaspreet Kaur, JMIC",0172-2676224,7115177721,19.10.2026,20.10.2026,https://cdnbbsr.s3waas.gov.in/s3ec014db0f8b0fc895da263fd77fc8aec/uploads/2026/10/2026100115.pdf
"Ms. Navneet Kaur, JMIC",0172-2676228,8557020786,21.10.2026,22.10.2026,https://cdnbbsr.s3waas.gov.in/s3ec014db0f8b0fc895da263fd77fc8aec/uploads/2026/10/2026100115.pdf
"Sh. Kuldeep Singh, JMIC",0172-2676226,9872120175,23.10.2026,24.10.2026,https://cdnbbsr.s3waas.gov.in/s3ec014db0f8b0fc895da263fd77fc8aec/uploads/2026/10/2026100115.pdf
"Ms. Bhawna Gera, JMIC",0172-2676220,7837399643,25.10.2026,26.10.2026,https://cdnbbsr.s3waas.gov.in/s3ec014db0f8b0fc895da263fd77fc8aec/uploads/2026/10/2026100115.pdf
"Ms. Ritu Tanwar, JMIC",0172-2676221,8851313298,27.10.2026,28.10.2026,https://cdnbbsr.s3waas.gov.in/s3ec014db0f8b0fc895da263fd77fc8aec/uploads/2026/10/2026100115.pdf
"Dr. Prikshit, JMIC",0172-2676211,8199988883,29.10.2026,31.10.2026,https://cdnbbsr.s3waas.gov.in/s3ec014db0f8b0fc895da263fd77fc8aec/uploads/2026/10/2026100115.pdf

Police-station-wise (Ilaqa) Magistrates (Police Station allotted to Judicial Officers (dated 30.08.2025))
Judicial officer,Designation,Area,Police stations allotted,Official source
Sh. Sachin Yadav,Chief Judicial Magistrate,Chandigarh,PS Sector 17 (Central); PS Industrial Area; PS Sector 3 (North); PS Vigilance; PS RPF,https://cdnbbsr.s3waas.gov.in/s3ec014db0f8b0fc895da263fd77fc8aec/uploads/2025/08/2025083092.pdf
Sh. Rahul Garg,Addl. Chief Judicial Magistrate,Chandigarh,PS Economic Offences; PS East-26 (East); PS IT Park,https://cdnbbsr.s3waas.gov.in/s3ec014db0f8b0fc895da263fd77fc8aec/uploads/2025/08/2025083092.pdf
Sh. Ajay,JMIC,Chandigarh,PS Sector 19; PS Cyber Crime,https://cdnbbsr.s3waas.gov.in/s3ec014db0f8b0fc895da263fd77fc8aec/uploads/2025/08/2025083092.pdf
Sh. Kaushal Kumar Yadav,JMIC,Chandigarh,PS Sarangpur; PS Sector 49,https://cdnbbsr.s3waas.gov.in/s3ec014db0f8b0fc895da263fd77fc8aec/uploads/2025/08/2025083092.pdf
Ms. Navjot Kaur-I,JMIC,Chandigarh,PS Mauli Jagran,https://cdnbbsr.s3waas.gov.in/s3ec014db0f8b0fc895da263fd77fc8aec/uploads/2025/08/2025083092.pdf
Ms. Raminder Kaur,JMIC,Chandigarh,PS Sector 34; PS Sector 11 (West),https://cdnbbsr.s3waas.gov.in/s3ec014db0f8b0fc895da263fd77fc8aec/uploads/2025/08/2025083092.pdf
Sh. Sher Singh,JMIC,Chandigarh,PS Sector 31; PS Anti Narcotics Task Force,https://cdnbbsr.s3waas.gov.in/s3ec014db0f8b0fc895da263fd77fc8aec/uploads/2025/08/2025083092.pdf
Dr. Ambika Sharma,JMIC,Chandigarh,PS Maloya; PS NCB,https://cdnbbsr.s3waas.gov.in/s3ec014db0f8b0fc895da263fd77fc8aec/uploads/2025/08/2025083092.pdf
Ms. Divya Sharma,JMIC,Chandigarh,—,https://cdnbbsr.s3waas.gov.in/s3ec014db0f8b0fc895da263fd77fc8aec/uploads/2025/08/2025083092.pdf
Ms. Robina Josan,JMIC,Chandigarh,PS Mani Majra,https://cdnbbsr.s3waas.gov.in/s3ec014db0f8b0fc895da263fd77fc8aec/uploads/2025/08/2025083092.pdf
Ms. Neelam,JMIC,Chandigarh,PS CBI,https://cdnbbsr.s3waas.gov.in/s3ec014db0f8b0fc895da263fd77fc8aec/uploads/2025/08/2025083092.pdf
Ms. Chinu Sharma,JMIC,Chandigarh,PS Sector 39; PS Women,https://cdnbbsr.s3waas.gov.in/s3ec014db0f8b0fc895da263fd77fc8aec/uploads/2025/08/2025083092.pdf
Dr. Prikshit,JMIC,Chandigarh,PS Sector 36; PS Crime,https://cdnbbsr.s3waas.gov.in/s3ec014db0f8b0fc895da263fd77fc8aec/uploads/2025/08/2025083092.pdf

Routine official links
Item,Official link
VC links: court-wise list (official),https://cdnbbsr.s3waas.gov.in/s3ec014db0f8b0fc895da263fd77fc8aec/uploads/2026/09/2026091525.pdf
VC page on the court website,https://chandigarh.dcourts.gov.in/
Cause list / daily board (also serves as the display board),https://chandigarh.dcourts.gov.in/cause-list-%e2%81%84-daily-board/
Detailed cause list (P&H High Court portal),https://www.highcourtchd.gov.in/3_pb/district/Chandigarh/clc_dist.php
Case status: by case number,https://chandigarh.dcourts.gov.in/case-status-search-by-case-number/
Case status: by party name,https://chandigarh.dcourts.gov.in/case-status-search-by-petitioner-respondent/
Case status: by FIR number,https://chandigarh.dcourts.gov.in/case-status-search-by-fir-number/
Case status: by advocate,https://chandigarh.dcourts.gov.in/case-status-search-by-advocate/
Court orders: by case number,https://chandigarh.dcourts.gov.in/court-orders-search-by-case-number/
"e-Filing 3.0 in District Courts of Punjab, Haryana & UT Chandigarh (official notice)",https://cdnbbsr.s3waas.gov.in/s3ec014db0f8b0fc895da263fd77fc8aec/uploads/2024/02/2024022583.pdf
e-Filing portal (eCourts),https://efiling.ecourts.gov.in/
VC Rules for Subordinate Courts of Punjab & Haryana (VC SOP),https://cdnbbsr.s3waas.gov.in/s3ec014db0f8b0fc895da263fd77fc8aec/uploads/2023/02/2023022856.pdf
Duty Magistrate (official page),https://chandigarh.dcourts.gov.in/duty-magistrate/
"Duty roster, current month (official PDF)",https://cdnbbsr.s3waas.gov.in/s3ec014db0f8b0fc895da263fd77fc8aec/uploads/2026/10/2026100115.pdf
Police Station Wise Magistrate (official page),https://chandigarh.dcourts.gov.in/police-station-wise-magistrate/
Police-station-wise order (official PDF),https://cdnbbsr.s3waas.gov.in/s3ec014db0f8b0fc895da263fd77fc8aec/uploads/2025/08/2025083092.pdf
Police stations: official police directory,https://portal.chandigarhpolice.gov.in/public/Pages/contact-details
Certified copy: application form (official PDF),https://cdnbbsr.s3waas.gov.in/s3ec014db0f8b0fc895da263fd77fc8aec/uploads/2023/02/2023022777.pdf
Court forms (official page),https://chandigarh.dcourts.gov.in/forms/

Phone directory (links to official pages only)
Directory / contact page,Official link
District Courts Chandigarh: Contact Us (official),https://chandigarh.dcourts.gov.in/contact-us/
District Bar Association Chandigarh (website),https://dbachd.com/public/index.php
Bar Council of Punjab & Haryana (official website),https://bcph.co.in/
