"Police stations and officers: Chandigarh, SAS Nagar (Mohali), Panchkula"
Last verified: 10 October 2026. Official police websites (checked 10 October 2026); Ilaqa Magistrate from the District Courts' orders.
Disclaimer: This information has been collected from publicly available official online sources and is updated from those web resources. It is provided for convenience only. Please verify the latest details on the linked official source. Master Legal Work does not accept liability for any change or error in the source information.

"Police stations and officers: Chandigarh, SAS Nagar (Mohali), Panchkula"
District,Category,Office / station (designation),Address,Official phone,Official email,Ilaqa Magistrate (court order),Source
Chandigarh (UT),Senior officers,"SSP, Chandigarh","Police Headquarters, Sector 9-D",0172-2760001,pssput-chd@nic.in,,https://portal.chandigarhpolice.gov.in/public/Pages/Complaint-Registration
Chandigarh (UT),Senior officers,"SSP, Security & Traffic","Police Headquarters, Sector 9-D","0172-2740007, 0172-2749797",psspst@chd.nic.in,,https://portal.chandigarhpolice.gov.in/public/Pages/Complaint-Registration
Chandigarh (UT),Senior officers,SP City,"Police Headquarters, Sector 9-D",9779580907,spops-chd@nic.in,,https://portal.chandigarhpolice.gov.in/public/Pages/Complaint-Registration
Chandigarh (UT),Senior officers,"SP, Economic Offences Wing","Home Guard Building, Sector 17",0172-2724402,pdspeow-chd@nic.in,,https://portal.chandigarhpolice.gov.in/public/Pages/Complaint-Registration
Chandigarh (UT),Senior officers,"DSP, Women & Child Support Unit","Home Guard Building, Sector 17","0172-2922163, 0172-2700423",pdspwcsu-chd@nic.in,,https://portal.chandigarhpolice.gov.in/public/Pages/Complaint-Registration
Chandigarh (UT),Sub-divisional officers,"SDPO Central (PS 17, 11, 3, Sarangpur)",Police Station 17,0172-2971133,psdpocent-chd@nic.in,,https://portal.chandigarhpolice.gov.in/public/Pages/Complaint-Registration
Chandigarh (UT),Sub-divisional officers,SDPO East,Police Station 26,"9779580908, 0172-2924262",psdpoeast-chd@nic.in,,https://portal.chandigarhpolice.gov.in/public/Pages/Complaint-Registration
Chandigarh (UT),Sub-divisional officers,"SDPO North-East (Manimajra, IT Park, Mauli Jagran)",Police Station Manimajra,"9779501995, 0172-2993526",psdpo-ne@chd.gov.in,,https://portal.chandigarhpolice.gov.in/public/Pages/Complaint-Registration
Chandigarh (UT),Sub-divisional officers,"DSP South (PS 31, 34, 49)",Police Station 34,"0172-2676000, 0172-3511451",psdposouth-chd@nic.in,,https://portal.chandigarhpolice.gov.in/public/Pages/Complaint-Registration
Chandigarh (UT),Sub-divisional officers,"ASP South-West (PS 36, 39, Maloya)",Police Station 39,0172-2993538,psdpo-sw@chd.gov.in,,https://portal.chandigarhpolice.gov.in/public/Pages/Complaint-Registration
Chandigarh (UT),Sub-divisional officers,DSP Crime (addl. charge ANTF & PCC),Chandigarh,"0172-2972797, 0172-2991838",,,https://portal.chandigarhpolice.gov.in/public/Pages/Complaint-Registration
Chandigarh (UT),Station House Officers,"SHO, Police Station 3","Near MLA Hostel, Sector 3","9779580933, 0172-2924844",pshops3-chd@nic.in,"Sh. Sachin Yadav, Chief Judicial Magistrate",https://portal.chandigarhpolice.gov.in/public/Pages/Complaint-Registration
Chandigarh (UT),Station House Officers,"SHO, Police Station 11","Near Fire Station, Sector 11","9779580911, 0172-2920296",pshops11-chd@nic.in,"Ms. Raminder Kaur, JMIC",https://portal.chandigarhpolice.gov.in/public/Pages/Complaint-Registration
Chandigarh (UT),Station House Officers,"SHO, Police Station 17",Sector 17,"9779580917, 0172-2920993",pshops17-chd@nic.in,"Sh. Sachin Yadav, Chief Judicial Magistrate",https://portal.chandigarhpolice.gov.in/public/Pages/Complaint-Registration
Chandigarh (UT),Station House Officers,"SHO, Police Station 19","Near Sadar Market, Sector 19","9779580919, 0172-2924873",pshops19-chd@nic.in,"Sh. Ajay, JMIC",https://portal.chandigarhpolice.gov.in/public/Pages/Complaint-Registration
Chandigarh (UT),Station House Officers,"SHO, Police Station 26",Sector 26,"9779580926, 0172-2924805",pshops26-chd@nic.in,"Sh. Rahul Garg, Addl. Chief Judicial Magistrate",https://portal.chandigarhpolice.gov.in/public/Pages/Complaint-Registration
Chandigarh (UT),Station House Officers,"SHO, Police Station 31",Sector 31,"9779580931, 0172-2921231",pshops31-chd@nic.in,"Sh. Sher Singh, JMIC",https://portal.chandigarhpolice.gov.in/public/Pages/Complaint-Registration
Chandigarh (UT),Station House Officers,"SHO, Police Station 34","Near Gurudwara Sahib, Sector 34","9779580934, 0172-2925534",pshops34-chd@nic.in,"Ms. Raminder Kaur, JMIC",https://portal.chandigarhpolice.gov.in/public/Pages/Complaint-Registration
Chandigarh (UT),Station House Officers,"SHO, Police Station 36",Sector 36,"9779580936, 0172-2925336",pshops36-chd@nic.in,"Dr. Prikshit, JMIC",https://portal.chandigarhpolice.gov.in/public/Pages/Complaint-Registration
Chandigarh (UT),Station House Officers,"SHO, Police Station 39",Sector 39,"9779580939, 0172-2925439",pshops39-chd@nic.in,"Ms. Chinu Sharma, JMIC",https://portal.chandigarhpolice.gov.in/public/Pages/Complaint-Registration
Chandigarh (UT),Station House Officers,"SHO, Police Station 49",Sector 48,"9779580949, 0172-2925640",pshops49.chd@nic.in,"Sh. Kaushal Kumar Yadav, JMIC",https://portal.chandigarhpolice.gov.in/public/Pages/Complaint-Registration
Chandigarh (UT),Station House Officers,"SHO, Police Station Industrial Area",Industrial Area Phase 1,"9779580929, 0172-2925110",pshopsia-chd@nic.in,"Sh. Sachin Yadav, Chief Judicial Magistrate",https://portal.chandigarhpolice.gov.in/public/Pages/Complaint-Registration
Chandigarh (UT),Station House Officers,"SHO, Police Station Manimajra",Manimajra,"9779580950, 0172-2990181",pshopsmm-chd@nic.in,"Ms. Robina Josan, JMIC",https://portal.chandigarhpolice.gov.in/public/Pages/Complaint-Registration
Chandigarh (UT),Station House Officers,"SHO, Police Station Mauli Jagran",Mauli Jagran Colony,"9779580951, 0172-2929717",pshopsmj.chd@nic.in,"Ms. Navjot Kaur-I, JMIC",https://portal.chandigarhpolice.gov.in/public/Pages/Complaint-Registration
Chandigarh (UT),Station House Officers,"SHO, Police Station IT Park",IT Park,"9779580920, 0172-2970318",pshopsitp.chd@nic.in,"Sh. Rahul Garg, Addl. Chief Judicial Magistrate",https://portal.chandigarhpolice.gov.in/public/Pages/Complaint-Registration
Chandigarh (UT),Station House Officers,"SHO, Police Station Sarangpur","EWS Colony, Dhanas","9779580945, 0172-2920900",pshopsspur.chd@nic.in,"Sh. Kaushal Kumar Yadav, JMIC",https://portal.chandigarhpolice.gov.in/public/Pages/Complaint-Registration
Chandigarh (UT),Station House Officers,"SHO, Police Station Maloya",Maloya,"9779580947, 0172-2643213",psmaloya.chd@nic.in,"Dr. Ambika Sharma, JMIC",https://portal.chandigarhpolice.gov.in/public/Pages/Complaint-Registration
Chandigarh (UT),Station House Officers,"SHO, Women Police Station","Home Guard Building, Sector 17","7087239005, 0172-2924950",pwps.chd@nic.in,"Ms. Chinu Sharma, JMIC",https://portal.chandigarhpolice.gov.in/public/Pages/Complaint-Registration
SAS Nagar (Mohali),Senior officers,"SSP, SAS Nagar","District Administrative Complex, Sector 76","0172-2219211, 0172-2219212",ssp.moh.police@punjab.gov.in,,https://sasnagar.punjabpolice.gov.in/dept_contacts.php
SAS Nagar (Mohali),Senior officers,SP Investigation,,"0172-2219204, 98888-50682",spinv-sasn@punjabpolice.gov.in,,https://sasnagar.punjabpolice.gov.in/dept_contacts.php
SAS Nagar (Mohali),Senior officers,SP City,,"0172-2923601, 75080-97345",spcity-sasn@punjabpolice.gov.in,,https://sasnagar.punjabpolice.gov.in/dept_contacts.php
SAS Nagar (Mohali),Senior officers,SP Rural,,"0172-2219340, 77101-11908",sp.rural.sasnagar@punjabpolice.gov.in,,https://sasnagar.punjabpolice.gov.in/dept_contacts.php
SAS Nagar (Mohali),Senior officers,SP Traffic,,"0172-2219305, 99154-00790",sptrfc-sasn@punjabpolice.gov.in,,https://sasnagar.punjabpolice.gov.in/dept_contacts.php
SAS Nagar (Mohali),Sub-divisional officers,DSP Headquarters,,78372-25700,dsphq-sasn@punjabpolice.gov.in,,https://sasnagar.punjabpolice.gov.in/dept_contacts.php
SAS Nagar (Mohali),Sub-divisional officers,DSP Investigation,,98722-00300,dspd-sasn@punjabpolice.gov.in,,https://sasnagar.punjabpolice.gov.in/dept_contacts.php
SAS Nagar (Mohali),Sub-divisional officers,DSP Sub-Division City-1,,98725-09420,dspcity1-sasn@punjabpolice.gov.in,,https://sasnagar.punjabpolice.gov.in/dept_contacts.php
SAS Nagar (Mohali),Sub-divisional officers,DSP Sub-Division City-2,,98765-16104,dspcity2-sasn@punjabpolice.gov.in,,https://sasnagar.punjabpolice.gov.in/dept_contacts.php
SAS Nagar (Mohali),Sub-divisional officers,DSP Sub-Division Kharar-1,,98286-30505,dspkhr-sasn@punjabpolice.gov.in,,https://sasnagar.punjabpolice.gov.in/dept_contacts.php
SAS Nagar (Mohali),Sub-divisional officers,DSP Sub-Division Kharar-2 (Mullanpur),,99766-00063,dspmlnp-sasn@punjabpolice.gov.in,,https://sasnagar.punjabpolice.gov.in/dept_contacts.php
SAS Nagar (Mohali),Sub-divisional officers,"SP, Sub-Division Dera Bassi",,,dspdrb-sasn@punjabpolice.gov.in,,https://sasnagar.punjabpolice.gov.in/dept_contacts.php
SAS Nagar (Mohali),Sub-divisional officers,ASP Sub-Division Zirakpur,,79737-08606,dsp.zirakpur.sasn@punjabpolice.gov.in,,https://sasnagar.punjabpolice.gov.in/dept_contacts.php
SAS Nagar (Mohali),Sub-divisional officers,DSP Economic Offences & Cyber Crime,,98888-31431,dspcap-sasn@punjabpolice.gov.in,,https://sasnagar.punjabpolice.gov.in/dept_contacts.php
SAS Nagar (Mohali),Sub-divisional officers,DSP Crime against Women & Children,,95923-00223,dspcawc-sasn@punjabpolice.gov.in,,https://sasnagar.punjabpolice.gov.in/dept_contacts.php
SAS Nagar (Mohali),Sub-divisional officers,DSP Traffic,,78374-54808,dsptrfc-sasn@punjabpolice.gov.in,,https://sasnagar.punjabpolice.gov.in/dept_contacts.php
SAS Nagar (Mohali),Station House Officers,"SHO, Police Station Phase-1",,77101-11935,ps.ph1.moh.police@punjab.gov.in,"Sh. Ravneet Singh, CJM",https://sasnagar.punjabpolice.gov.in/dept_contacts.php
SAS Nagar (Mohali),Station House Officers,"SHO, Police Station Mataur",,77101-11936,ps.mtr.moh.police@punjab.gov.in,"Sh. Rupinder Singh, ACJM",https://sasnagar.punjabpolice.gov.in/dept_contacts.php
SAS Nagar (Mohali),Station House Officers,"SHO, Police Station Naya Gaon",,77101-11937,ps.nygn.moh.police@punjab.gov.in,"Sh. Gurmehtab Singh, JMIC",https://sasnagar.punjabpolice.gov.in/dept_contacts.php
SAS Nagar (Mohali),Station House Officers,"SHO, Police Station Phase-8",,77101-11939,ps.ph8.moh.police@punjab.gov.in,"Sh. Kirandeep Singh, JMIC",https://sasnagar.punjabpolice.gov.in/dept_contacts.php
SAS Nagar (Mohali),Station House Officers,"SHO, Police Station Sohana",,,ps.sohana.moh.police@punjab.gov.in,"Sh. Sangam Kaushal, JMIC",https://sasnagar.punjabpolice.gov.in/dept_contacts.php
SAS Nagar (Mohali),Station House Officers,"SHO, Police Station Phase-11",,77101-11940,ps.ph11.moh.police@punjab.gov.in,"Ms. Poonam Kashyap, JMIC",https://sasnagar.punjabpolice.gov.in/dept_contacts.php
SAS Nagar (Mohali),Station House Officers,"SHO, Police Station IT City / Aero City",,77101-11950,,"Ms. Sarvesha Sharma, JMIC",https://sasnagar.punjabpolice.gov.in/dept_contacts.php
SAS Nagar (Mohali),Station House Officers,"SHO, Police Station City Kharar",,77101-11948,pscitykharar-sasn@punjabpolice.gov.in,"Sh. Hasandeep Singh Bajwa, SDJM",https://sasnagar.punjabpolice.gov.in/dept_contacts.php
SAS Nagar (Mohali),Station House Officers,"SHO, Police Station Sadar Kharar",,77101-11945,ps.kharar.moh.police@punjab.gov.in,"Ms. Shweta Dass, JMIC",https://sasnagar.punjabpolice.gov.in/dept_contacts.php
SAS Nagar (Mohali),Station House Officers,"SHO, Police Station Gharuan",,77101-11946,psgharuan-sasn@punjabpolice.gov.in,"Ms. Shweta Dass, JMIC",https://sasnagar.punjabpolice.gov.in/dept_contacts.php
SAS Nagar (Mohali),Station House Officers,"SHO, Police Station Balongi",,91155-16039,ps.blgi.moh.police@punjab.gov.in,"Dr. Seema Agnihotri, JMIC",https://sasnagar.punjabpolice.gov.in/dept_contacts.php
SAS Nagar (Mohali),Station House Officers,"SHO, Police Station Sadar Kurali",,77101-11951,ps.kurali.moh.police@punjab.gov.in,"Ms. Ankita Gupta, JMIC",https://sasnagar.punjabpolice.gov.in/dept_contacts.php
SAS Nagar (Mohali),Station House Officers,"SHO, Police Station City Kurali",,77101-11956,pscitykurali-sasn@punjabpolice.gov.in,"Sh. Mandeep Singh Kainth, JMIC",https://sasnagar.punjabpolice.gov.in/dept_contacts.php
SAS Nagar (Mohali),Station House Officers,"SHO, Police Station Block Majri",,77101-11953,psblockmajri-sasn@punjabpolice.gov.in,"Sh. Mandeep Singh Kainth, JMIC",https://sasnagar.punjabpolice.gov.in/dept_contacts.php
SAS Nagar (Mohali),Station House Officers,"SHO, Police Station Mullanpur",,77101-11957,ps.mlpr.moh.police@punjab.gov.in,"Sh. Tanveer Singh Madhav, JMIC",https://sasnagar.punjabpolice.gov.in/dept_contacts.php
SAS Nagar (Mohali),Station House Officers,"SHO, Police Station Dera Bassi",,77101-11958,ps.drbs.moh.police@punjab.gov.in,"Ms. Navreet Kaur, SDJM",https://sasnagar.punjabpolice.gov.in/dept_contacts.php
SAS Nagar (Mohali),Station House Officers,"SHO, Police Station Lalru",,77101-11962,ps.lalru.moh.police@punjab.gov.in,"Ms. Gurpreet Kaur, JMIC",https://sasnagar.punjabpolice.gov.in/dept_contacts.php
SAS Nagar (Mohali),Station House Officers,"SHO, Police Station Handesra",,77101-11963,pshndsra-sasn@punjabpolice.gov.in,"Ms. Nandita, JMIC",https://sasnagar.punjabpolice.gov.in/dept_contacts.php
SAS Nagar (Mohali),Station House Officers,"SHO, Police Station Airport",,77101-11942,ps-airportmhl.sasn@punjabpolice.gov.in,"Sh. Ravneet Singh, CJM",https://sasnagar.punjabpolice.gov.in/dept_contacts.php
SAS Nagar (Mohali),Station House Officers,"SHO, Police Station Zirakpur",,77101-11959,ps.zrk.moh.police@punjab.gov.in,"Ms. Sudipa Kuar (as printed), JMIC",https://sasnagar.punjabpolice.gov.in/dept_contacts.php
SAS Nagar (Mohali),Station House Officers,"SHO, Police Station Dhakoli",,77101-11960,psdhakoli-sasn@punjabpolice.gov.in,"Ms. Parneet Kaur, JMIC",https://sasnagar.punjabpolice.gov.in/dept_contacts.php
SAS Nagar (Mohali),Station House Officers,"SHO, Police Station Women",,88720-65738,pswomen-sasn@punjabpolice.gov.in,"Sh. Kirandeep Singh, JMIC",https://sasnagar.punjabpolice.gov.in/dept_contacts.php
Panchkula,Senior officers,"Commissioner of Police, Panchkula",,"0172-2585300, 7419000001",cppkl.pol-hry@gov.in,,https://haryanapolice.gov.in/TelephoneDirectory_cppkl
Panchkula,Senior officers,DCP Panchkula,,"0172-2586101, 8146630005",dcppkl-hry@nic.in,,https://haryanapolice.gov.in/TelephoneDirectory_cppkl
Panchkula,Senior officers,DCP Crime & Traffic,,"0172-2800353, 8146630006",dcplosecpkl.pol@hry.gov.in,,https://haryanapolice.gov.in/TelephoneDirectory_cppkl
Panchkula,Assistant Commissioners,ACP Crime & HQ,,8146631013,acp-pnk.pol@hry.gov.in,,https://haryanapolice.gov.in/TelephoneDirectory_cppkl
Panchkula,Assistant Commissioners,ACP Panchkula,,8146630007,acpwomen-pnk.pol@hry.gov.in,,https://haryanapolice.gov.in/TelephoneDirectory_cppkl
Panchkula,Assistant Commissioners,ACP Kalka,,9729990500,acpkalka.pol@hry.gov.in,,https://haryanapolice.gov.in/TelephoneDirectory_cppkl
Panchkula,Assistant Commissioners,ACP Traffic,,8146090100,acptraffic.pol@hry.gov.in,,https://haryanapolice.gov.in/TelephoneDirectory_cppkl
Panchkula,Assistant Commissioners,Police Control Room,,0172-2582100,,,https://haryanapolice.gov.in/TelephoneDirectory_cppkl
Panchkula,Station House Officers,"SHO, Chandimandir",,8146630017,shochandimandir-hry@nic.in,,https://haryanapolice.gov.in/TelephoneDirectory_cppkl
Panchkula,Station House Officers,"SHO, Kalka",,9729990501,shokalka-hry@nic.in,,https://haryanapolice.gov.in/TelephoneDirectory_cppkl
Panchkula,Station House Officers,"SHO, Mansa Devi Complex",,8146630021,shomansadevi-hry@nic.in,,https://haryanapolice.gov.in/TelephoneDirectory_cppkl
Panchkula,Station House Officers,"SHO, Sector 5",,"8146630014, 0172-2569200",shosec5pkl-hry@nic.in,,https://haryanapolice.gov.in/TelephoneDirectory_cppkl
Panchkula,Station House Officers,"SHO, Sector 7",,"8146630063, 0172-2596400",shosec7-pkl.pol@hry.gov.in,,https://haryanapolice.gov.in/TelephoneDirectory_cppkl
Panchkula,Station House Officers,"SHO, Pinjore",,"9729990502, 01733-231403",shopinjore-hry@nic.in,,https://haryanapolice.gov.in/TelephoneDirectory_cppkl
Panchkula,Station House Officers,"SHO, Sector 14",,8146630015,shosec14pkl-hry@nic.in,,https://haryanapolice.gov.in/TelephoneDirectory_cppkl
Panchkula,Station House Officers,"SHO, Sector 20",,"8146630016, 0172-2551485",shosec19pkl-hry@nic.in,,https://haryanapolice.gov.in/TelephoneDirectory_cppkl
Panchkula,Station House Officers,"SHO, Raipur Rani",,9729990503,shoraipurrani-hry@nic.in,,https://haryanapolice.gov.in/TelephoneDirectory_cppkl
Panchkula,Station House Officers,"SHO, Women Police Station",,"8146630022, 0172-2571100",showomen-hry@nic.in,,https://haryanapolice.gov.in/TelephoneDirectory_cppkl
Panchkula,Station House Officers,"SHO, Traffic Police",,"8146630072, 0172-2561900",,,https://haryanapolice.gov.in/TelephoneDirectory_cppkl
