"District Courts, Panchkula"
"Last verified: 10 October 2026. Official court-wise VC list (September 2026): https://cdnbbsr.s3waas.gov.in/s3ec0238811c5285e34e2e3319ab7d9f2c/uploads/2026/09/2026090155.pdf. Last verified 10 October 2026; next verification by 10 November 2026 (monthly), or earlier when new information arrives."
Disclaimer: This information has been collected from publicly available official online sources and is updated from those web resources. It is provided for convenience only. Please verify the latest details on the linked official source. Master Legal Work does not accept liability for any change or error in the source information.

VC links
Sr.,Court,Presiding officer,VC link (Google Meet),Zoom link,Zoom Meeting ID / passcode,Reader / dealing official,Mobile (as published),Court email,Official source
1,District & Sessions Judge,Sh. Sanjay Sandhir,https://meet.google.com/bdm-arkq-cnd,Not published,,Sh. Sanjay Gautam,9416307550,dsjpkl2@gmail.com,https://cdnbbsr.s3waas.gov.in/s3ec0238811c5285e34e2e3319ab7d9f2c/uploads/2026/09/2026090155.pdf
2,Addl. District & Sessions Judge,Sh. Bikramjit Singh,https://meet.google.com/zvc-anbg-tai,Not published,,Sh. Pankaj,7986870789,adj1.panchkula@gmail.com,https://cdnbbsr.s3waas.gov.in/s3ec0238811c5285e34e2e3319ab7d9f2c/uploads/2026/09/2026090155.pdf
3,Addl. District & Sessions Judge,Sh. Amit Sharma-II,https://meet.google.com/pya-uous-uax,Not published,,Sh. Sushil Kumar,7988001771,adj2.panchkula@gmail.com,https://cdnbbsr.s3waas.gov.in/s3ec0238811c5285e34e2e3319ab7d9f2c/uploads/2026/09/2026090155.pdf
4,Special CBI Judge,Sh. Vijayant Sehgal,https://meet.google.com/arh-azmw-upc,Not published,,Sh. Ashwinder Singh,9464259003,cbiadj.pkl@gmail.com,https://cdnbbsr.s3waas.gov.in/s3ec0238811c5285e34e2e3319ab7d9f2c/uploads/2026/09/2026090155.pdf
5,Addl. District & Sessions Judge,Sh. Manish Dua,https://meet.google.com/qqo-hkne-nvt,Not published,,Ms. Bindu,9256147856,adjcourtposco@gmail.com,https://cdnbbsr.s3waas.gov.in/s3ec0238811c5285e34e2e3319ab7d9f2c/uploads/2026/09/2026090155.pdf
6,Addl. District & Sessions Judge,Dr. Himanshu Singh,https://meet.google.com/zbu-oavj-khy,Not published,,Sh. Manoj Rana,9316979737,adj3.pkl@gmail.com,https://cdnbbsr.s3waas.gov.in/s3ec0238811c5285e34e2e3319ab7d9f2c/uploads/2026/09/2026090155.pdf
7,"Principal Judge, Family Court",Ms. Rekha,https://meet.google.com/hdc-rtip-mjm,Not published,,Sh. Isham Singh,9814321490,pjfc.pkl@gmail.com,https://cdnbbsr.s3waas.gov.in/s3ec0238811c5285e34e2e3319ab7d9f2c/uploads/2026/09/2026090155.pdf
8,Addl. Chief Judicial Magistrate,Ms. Kirti Vashista,https://meet.google.com/bzi-cqwq-xyg,Not published,,Sh. Naresh Sayal,9463016984,cjsd.pkl@gmail.com,https://cdnbbsr.s3waas.gov.in/s3ec0238811c5285e34e2e3319ab7d9f2c/uploads/2026/09/2026090155.pdf
9,Chief Judicial Magistrate,Sh. Vinod Kumar,https://meet.google.com/tdm-dayz-rfb,Not published,,Sh. Sulinder,9306735415,pkl.cjm@gmail.com,https://cdnbbsr.s3waas.gov.in/s3ec0238811c5285e34e2e3319ab7d9f2c/uploads/2026/09/2026090155.pdf
10,Judicial Magistrate 1st Class,Ms. Jyoti Sandhu,https://meet.google.com/dtu-aevf-fbk,Not published,,Ms. Saroj,8968311230,jmic.pkl@gmail.com,https://cdnbbsr.s3waas.gov.in/s3ec0238811c5285e34e2e3319ab7d9f2c/uploads/2026/09/2026090155.pdf
11,"Special Judicial Magistrate, CBI",Sh. Anil Kumar Yadav,https://meet.google.com/ove-wdck-nos,Not published,,Ms. Vandana,8872099752,cbi1.pkl@gmail.com,https://cdnbbsr.s3waas.gov.in/s3ec0238811c5285e34e2e3319ab7d9f2c/uploads/2026/09/2026090155.pdf
12,Judicial Magistrate 1st Class,Ms. Manmeet Kaur,https://meet.google.com/xtn-yocn-gef,Not published,,Sh. Harminder,9417069205,jmic2.pkl@gmail.com,https://cdnbbsr.s3waas.gov.in/s3ec0238811c5285e34e2e3319ab7d9f2c/uploads/2026/09/2026090155.pdf
13,Judicial Magistrate 1st Class,Ms. Arunima Chauhan,https://meet.google.com/cbi-kugi-gzh,Not published,,Sh. Ashwani,9023751616,jmicpkl15@gmail.com,https://cdnbbsr.s3waas.gov.in/s3ec0238811c5285e34e2e3319ab7d9f2c/uploads/2026/09/2026090155.pdf
14,Judicial Magistrate 1st Class,Ms. Abhidha Gupta,https://meet.google.com/zug-qpmq-sqf,Not published,,Sh. Anil Kumar,8146699409,jmicpkl16@gmail.com,https://cdnbbsr.s3waas.gov.in/s3ec0238811c5285e34e2e3319ab7d9f2c/uploads/2026/09/2026090155.pdf
15,Sub-Divisional Judicial Magistrate (Kalka),Sh. Abhimanyu Rajput,https://meet.google.com/vyo-xufk-bvp,Not published,,Sh. Meharbann Singh,8837574814,ecourts-hrpka0@indiancourts.nic.in,https://cdnbbsr.s3waas.gov.in/s3ec0238811c5285e34e2e3319ab7d9f2c/uploads/2026/09/2026090155.pdf
16,Judicial Magistrate 1st Class (Kalka),Ms. Ravneet,https://meet.google.com/afs-ajjs-wdt,Not published,,Sh. Parvesh Kumar,8708202436,ecourts-hrpka0@indiancourts.nic.in,https://cdnbbsr.s3waas.gov.in/s3ec0238811c5285e34e2e3319ab7d9f2c/uploads/2026/09/2026090155.pdf

Duty Magistrates
Item,Official source
"Duty Roster, October 2026 (official PDF; The official roster is a scanned image; it is linked rather than retyped, to avoid copying errors.)",https://cdnbbsr.s3waas.gov.in/s3ec0238811c5285e34e2e3319ab7d9f2c/uploads/2026/10/2026100537.pdf
Duty Magistrate page,https://panchkula.dcourts.gov.in/duty-magistrate/

Police-station-wise (Ilaqa) Magistrates
Item,Official source
"Police Station wise Magistrate (dated 04.05.2026) (official PDF; The official list is a scanned image; it is linked rather than retyped, to avoid copying errors.)",https://cdnbbsr.s3waas.gov.in/s3ec0238811c5285e34e2e3319ab7d9f2c/uploads/2026/05/2026050480.pdf
Police Station Wise Magistrate page,https://panchkula.dcourts.gov.in/police-station-wise-magistrate/

Routine official links
Item,Official link
VC links: court-wise list (official),https://cdnbbsr.s3waas.gov.in/s3ec0238811c5285e34e2e3319ab7d9f2c/uploads/2026/09/2026090155.pdf
VC page on the court website,https://panchkula.dcourts.gov.in/document/court-wise-list-of-mobile-numbers-of-the-officials-for-conducting-of-proceedings-through-whatsapp-video-call/
Cause list / daily board (also serves as the display board),https://panchkula.dcourts.gov.in/cause-list-%e2%81%84-daily-board/
Detailed cause list (P&H High Court portal),https://highcourtchd.gov.in/3_har/district/panchkula/clc_dist.php
Case status: by case number,https://panchkula.dcourts.gov.in/case-status-search-by-case-number/
Case status: by party name,https://panchkula.dcourts.gov.in/case-status-search-by-petitioner-respondent/
Case status: by FIR number,https://panchkula.dcourts.gov.in/case-status-search-by-fir-number/
Case status: by advocate,https://panchkula.dcourts.gov.in/case-status-search-by-advocate/
Court orders: by case number,https://panchkula.dcourts.gov.in/court-orders-search-by-case-number/
"e-Filing 3.0 in District Courts of Punjab, Haryana & UT Chandigarh (official notice)",https://cdnbbsr.s3waas.gov.in/s3ec014db0f8b0fc895da263fd77fc8aec/uploads/2024/02/2024022583.pdf
e-Filing portal (eCourts),https://efiling.ecourts.gov.in/
VC Rules for Subordinate Courts of Punjab & Haryana (VC SOP),https://cdnbbsr.s3waas.gov.in/s3ec014db0f8b0fc895da263fd77fc8aec/uploads/2023/02/2023022856.pdf
Duty Magistrate (official page),https://panchkula.dcourts.gov.in/duty-magistrate/
"Duty roster, current month (official PDF)",https://cdnbbsr.s3waas.gov.in/s3ec0238811c5285e34e2e3319ab7d9f2c/uploads/2026/10/2026100537.pdf
Police Station Wise Magistrate (official page),https://panchkula.dcourts.gov.in/police-station-wise-magistrate/
Police-station-wise order (official PDF),https://cdnbbsr.s3waas.gov.in/s3ec0238811c5285e34e2e3319ab7d9f2c/uploads/2026/05/2026050480.pdf
Police stations: official police directory,https://panchkula.haryanapolice.gov.in/contact-shos_htm
Certified copy: application form,No online form on the official court website; apply at the court's copying branch
Court forms (official page),https://panchkula.dcourts.gov.in/forms/

Phone directory (links to official pages only)
Directory / contact page,Official link
District Courts Panchkula: Contact Us (official),https://panchkula.dcourts.gov.in/contact-us/
District Bar Association Panchkula (website),https://panchkula.barportal.in/
Bar Council of Punjab & Haryana (official website),https://bcph.co.in/
