"VC Links & Court Directory: P&H High Court, Chandigarh, Mohali, Panchkula"
"Last verified: 10 October 2026. VC links: Drive file ""2025_09_17_o_m.pdf"" (ID 1RXO6TaRLgdyiDWAS2rIwoFlJX8pe0rbH), the High Court's list of Zoom Meeting IDs of the Hybrid VC System; judges from the High Court's official sitting roster for 12.10.2026 (https://new.phhc.gov.in/sitting-roster). Request the VC link through https://new.phhc.gov.in/video-conference by 9 AM on the date of listing. Last verified 10 October 2026; next verification by 10 November 2026 (monthly), or earlier when new information arrives. | Official court-wise VC list (September 2026): https://cdnbbsr.s3waas.gov.in/s3ec014db0f8b0fc895da263fd77fc8aec/uploads/2026/09/2026091525.pdf. Last verified 10 October 2026; next verification by 10 November 2026 (monthly), or earlier when new information arrives. Zoom details: Drive file ""Chandigarh VC Links.xlsx"" (ID 1ZVPD95uAhMg1lPr-NeRAYAmhOEDRSNzC), matched to the official list by the same Google Meet link. | Official court-wise VC list (22 July 2026): https://cdnbbsr.s3waas.gov.in/s3ec0288e1ce84f9feef5a08d0df0334c5/uploads/2026/07/2026072251.pdf. Last verified 10 October 2026; next verification by 10 November 2026 (monthly), or earlier when new information arrives. | Official court-wise VC list (September 2026): https://cdnbbsr.s3waas.gov.in/s3ec0238811c5285e34e2e3319ab7d9f2c/uploads/2026/09/2026090155.pdf. Last verified 10 October 2026; next verification by 10 November 2026 (monthly), or earlier when new information arrives."
Disclaimer: This information has been collected from publicly available official online sources and is updated from those web resources. It is provided for convenience only. Please verify the latest details on the linked official source. Master Legal Work does not accept liability for any change or error in the source information.

Punjab & Haryana High Court: VC links
Court room,Judge sitting (HC roster 12.10.2026),VC link,Zoom Meeting ID,Status / note,Data from,Official source
1,Hon'ble The Chief Justice,https://zoom.us/my/vcphhc01,383 029 6344,Sitting,Drive list (17.09.2025),https://new.phhc.gov.in/sitting-roster
2,Hon'ble Mr. Justice Deepak Sibal,https://zoom.us/my/vcphhc02,682 434 3859,Sitting,Drive list (17.09.2025),https://new.phhc.gov.in/sitting-roster
3,Hon'ble Mr. Justice Suvir Sehgal,https://zoom.us/my/vcphhc03,802 684 2518,Sitting,Drive list (17.09.2025),https://new.phhc.gov.in/sitting-roster
4,No sitting listed for this date,https://zoom.us/my/vcphhc04,835 308 1950,,Drive list (17.09.2025),https://new.phhc.gov.in/sitting-roster
5,Hon'ble Mr. Justice Anoop Chitkara,https://zoom.us/j/4505360549,450 536 0549,Sitting; Court room not in the Drive list; Meeting ID taken from the HC sitting roster.,HC sitting roster,https://new.phhc.gov.in/sitting-roster
6,Hon'ble Ms. Justice Alka Sarin,https://zoom.us/my/vcphhc06,726 597 8601,Sitting,Drive list (17.09.2025),https://new.phhc.gov.in/sitting-roster
7,Hon'ble Mr. Justice Jasgurpreet Singh Puri,https://zoom.us/my/vcphhc07,875 839 8656,"Not holding court (work distributed: CR : 2,3,5,6,8,10,15,52,62)",Drive list (17.09.2025),https://new.phhc.gov.in/sitting-roster
8,Hon'ble Ms. Justice Archana Puri,https://zoom.us/my/vcphhc08,359 261 6548,Sitting,Drive list (17.09.2025),https://new.phhc.gov.in/sitting-roster
10,Hon'ble Mr. Justice Harsimran Singh Sethi,https://zoom.us/my/vcphhc10,202 592 4427,Sitting,Drive list (17.09.2025),https://new.phhc.gov.in/sitting-roster
11,No sitting listed for this date,https://zoom.us/my/vcphhc11,268 658 1986,,Drive list (17.09.2025),https://new.phhc.gov.in/sitting-roster
12,Hon'ble Mr. Justice Virinder Aggarwal,https://zoom.us/my/vcphhc12,297 361 4925,Sitting,Drive list (17.09.2025),https://new.phhc.gov.in/sitting-roster
13,Hon'ble Mr. Justice Tribhuvan Dahiya,https://zoom.us/my/vcphhc13,415 698 6368,Sitting,Drive list (17.09.2025),https://new.phhc.gov.in/sitting-roster
14,Hon'ble Mr. Justice Sandeep Moudgil,https://zoom.us/my/vcphhc14,634 675 2612,Sitting,Drive list (17.09.2025),https://new.phhc.gov.in/sitting-roster
15,Hon'ble Mr. Justice Vikas Bahl,https://zoom.us/my/vcphhc15,681 728 2813,Sitting,Drive list (17.09.2025),https://new.phhc.gov.in/sitting-roster
16,Hon'ble Ms. Justice Monica Chhibber Sharma,https://zoom.us/my/vcphhc16,820 252 5125,"Not holding court (work distributed: CR : 17,21,25,29,68)",Drive list (17.09.2025),https://new.phhc.gov.in/sitting-roster
17,Hon'ble Mr. Justice Amarinder Singh Grewal,https://zoom.us/my/vcphhc17,450 536 0549,Sitting,Drive list (17.09.2025),https://new.phhc.gov.in/sitting-roster
18,Hon'ble Mr. Justice Kuldeep Tiwari,https://zoom.us/my/vcphhc18,966 091 5985,Sitting,Drive list (17.09.2025),https://new.phhc.gov.in/sitting-roster
19,Hon'ble Mr. Justice Pravindra Singh Chauhan,https://zoom.us/my/vcphhc19,921 282 5114,Sitting,Drive list (17.09.2025),https://new.phhc.gov.in/sitting-roster
20,Hon'ble Mr. Justice Deepak Manchanda,https://zoom.us/my/vcphhc20,507 527 4635,Sitting,Drive list (17.09.2025),https://new.phhc.gov.in/sitting-roster
21,Hon'ble Mr. Justice Parmod Goyal,https://zoom.us/my/vcphhc21,989 448 1625,Sitting,Drive list (17.09.2025),https://new.phhc.gov.in/sitting-roster
22,Hon'ble Mr. Justice Deepak Gupta,https://zoom.us/my/vcphhc22,374 074 5363,Sitting,Drive list (17.09.2025),https://new.phhc.gov.in/sitting-roster
23,Hon'ble Mr. Justice Deepinder Singh Nalwa,https://zoom.us/my/vcphhc23,397 897 0320,Sitting,Drive list (17.09.2025),https://new.phhc.gov.in/sitting-roster
24,Hon'ble Mr. Justice Harsh Bunger,https://zoom.us/my/vcphhc24,454 613 3408,Sitting,Drive list (17.09.2025),https://new.phhc.gov.in/sitting-roster
25,Hon'ble Ms. Justice Lapita Banerji,https://zoom.us/my/vcphhc25,505 780 7058,Sitting,Drive list (17.09.2025),https://new.phhc.gov.in/sitting-roster
26,Hon'ble Mr. Justice Vikram Aggarwal,https://zoom.us/my/vcphhc26,776 881 4617,Sitting,Drive list (17.09.2025),https://new.phhc.gov.in/sitting-roster
27,Hon'ble Mr. Justice Pankaj Jain,https://zoom.us/my/vcphhc27,463 217 5285,Sitting,Drive list (17.09.2025),https://new.phhc.gov.in/sitting-roster
28,Hon'ble Mr. Justice Namit Kumar,https://zoom.us/my/vcphhc28,988 149 3072,Sitting,Drive list (17.09.2025),https://new.phhc.gov.in/sitting-roster
29,Hon'ble Mr. Justice Vikas Suri,https://zoom.us/my/vcphhc29,487 432 5018,Sitting,Drive list (17.09.2025),https://new.phhc.gov.in/sitting-roster
30,Hon'ble Mr. Justice Harkesh Manuja,https://zoom.us/my/vcphhc30,427 018 3704,Sitting,Drive list (17.09.2025),https://new.phhc.gov.in/sitting-roster
31,Hon'ble Mr. Justice Rajesh Gaur,https://zoom.us/my/vcphhc31,478 122 3872,Sitting,Drive list (17.09.2025),https://new.phhc.gov.in/sitting-roster
32,Hon'ble Ms. Justice Nidhi Gupta,https://zoom.us/my/vcphhc32,419 547 5739,Sitting,Drive list (17.09.2025),https://new.phhc.gov.in/sitting-roster
33,Hon'ble Mr. Justice Yashvir Singh Rathor,https://zoom.us/my/vcphhc33,695 837 7716,Sitting,Drive list (17.09.2025),https://new.phhc.gov.in/sitting-roster
34,Hon'ble Ms. Justice Sudeepti Sharma,https://zoom.us/my/vcphhc34,978 115 6943,Sitting,Drive list (17.09.2025),https://new.phhc.gov.in/sitting-roster
35,Hon'ble Mr. Justice Sunish Bindlish,https://zoom.us/j/8343774037,834 377 4037,Sitting; Court room not in the Drive list; Meeting ID taken from the HC sitting roster.,HC sitting roster,https://new.phhc.gov.in/sitting-roster
36,Hon'ble Mr. Justice Harpreet Singh Brar,https://zoom.us/my/vcphhc36,899 784 4927,Sitting,Drive list (17.09.2025),https://new.phhc.gov.in/sitting-roster
37,Hon'ble Mr. Justice Minderjeet Yadav,https://zoom.us/j/2641755733,264 175 5733,Sitting; Court room not in the Drive list; Meeting ID taken from the HC sitting roster.,HC sitting roster,https://new.phhc.gov.in/sitting-roster
38,Hon'ble Mr. Justice Jagmohan Bansal,https://zoom.us/my/vcphhc38,980 320 7324,Sitting,Drive list (17.09.2025),https://new.phhc.gov.in/sitting-roster
40,Hon'ble Mr. Justice Rohit Kapoor,https://zoom.us/my/vcphhc40,639 153 8896,Sitting,Drive list (17.09.2025),https://new.phhc.gov.in/sitting-roster
41,Hon'ble Ms. Justice Divya Sharma,https://zoom.us/my/vcphhc41,410 431 5674,Sitting,Drive list (17.09.2025),https://new.phhc.gov.in/sitting-roster
42,Hon'ble Mr. Justice Ravinder Malik,https://zoom.us/my/vcphhc42,652 179 7658,Sitting,Drive list (17.09.2025),https://new.phhc.gov.in/sitting-roster
43,Hon'ble Mr. Justice Surya Partap Singh,https://zoom.us/my/vcphhc43,708 888 5294,Sitting,Drive list (17.09.2025),https://new.phhc.gov.in/sitting-roster
44,Hon'ble Ms. Justice Amarjot Bhatti,https://zoom.us/my/vcphhc44,679 230 8525,Sitting,Drive list (17.09.2025),https://new.phhc.gov.in/sitting-roster
45,Hon'ble Ms. Justice Aaradhna Sawhney,https://zoom.us/my/vcphhc45,453 292 8905,Sitting,Drive list (17.09.2025),https://new.phhc.gov.in/sitting-roster
46,Hon'ble Mrs. Justice Ramesh Kumari,https://zoom.us/j/8804525346,880 452 5346,Sitting; Court room not in the Drive list; Meeting ID taken from the HC sitting roster.,HC sitting roster,https://new.phhc.gov.in/sitting-roster
47,Hon'ble Ms. Justice Sukhvinder Kaur,https://zoom.us/my/vcphhc47,546 706 0119,Sitting,Drive list (17.09.2025),https://new.phhc.gov.in/sitting-roster
48,Hon'ble Ms. Justice Neerja K. Kalson,https://zoom.us/my/vcphhc48,820 324 8620,Sitting; HC roster for 12.10.2026 shows Meeting ID 976 610 8726 for this bench; use the ID shown on the day.,Drive list (17.09.2025),https://new.phhc.gov.in/sitting-roster
49,Hon'ble Mr. Justice Sanjiv Berry,https://zoom.us/my/vcphhc49,208 028 3631,"Not holding court (work distributed: CR : 17,20,21,22,23,24,25,29,30,33,38,44,51)",Drive list (17.09.2025),https://new.phhc.gov.in/sitting-roster
50,Hon'ble Ms. Justice Shalini Singh Nagpal,https://zoom.us/my/vcphhc50,813 254 9641,Not holding court,Drive list (17.09.2025),https://new.phhc.gov.in/sitting-roster
51,Hon'ble Ms. Justice Harpreet Kaur Jeewan,https://zoom.us/my/vcphhc51,648 565 8389,Sitting,Drive list (17.09.2025),https://new.phhc.gov.in/sitting-roster
52,Hon'ble Mr. Justice Rajesh Bhardwaj,https://zoom.us/my/vcphhc52,584 503 3767,Sitting,Drive list (17.09.2025),https://new.phhc.gov.in/sitting-roster
53,Hon'ble Mr. Justice Jasjit Singh Bedi,https://zoom.us/my/vcphhc53,364 241 4939,Sitting,Drive list (17.09.2025),https://new.phhc.gov.in/sitting-roster
54,Hon'ble Ms. Justice Mandeep Pannu,https://zoom.us/my/vcphhc54,583 959 7637,Sitting,Drive list (17.09.2025),https://new.phhc.gov.in/sitting-roster
55,Hon'ble Mr. Justice H.S. Grewal,https://zoom.us/my/vcphhc55,694 631 3014,Sitting,Drive list (17.09.2025),https://new.phhc.gov.in/sitting-roster
56,Hon'ble Ms. Justice Rupinderjit Chahal,https://zoom.us/my/vcphhc56,556 572 2027,Sitting,Drive list (17.09.2025),https://new.phhc.gov.in/sitting-roster
57,Hon'ble Mr. Justice Aman Chaudhary,https://zoom.us/my/vcphhc57,476 584 1483,Sitting,Drive list (17.09.2025),https://new.phhc.gov.in/sitting-roster
58,Hon'ble Mr. Justice Sanjay Vashisth,https://zoom.us/my/vcphhc58,677 065 3224,Sitting,Drive list (17.09.2025),https://new.phhc.gov.in/sitting-roster
59,Hon'ble Mr. Justice Harmeet Singh Deol,https://zoom.us/j/4898399729,489 839 9729,Sitting; Court room not in the Drive list; Meeting ID taken from the HC sitting roster.,HC sitting roster,https://new.phhc.gov.in/sitting-roster
61,Hon'ble Ms. Justice Manisha Batra,https://zoom.us/my/vcphhc61,599 905 1504,Sitting,Drive list (17.09.2025),https://new.phhc.gov.in/sitting-roster
62,Hon'ble Mr. Justice Vinod S. Bhardwaj,https://zoom.us/my/vcphhc62,416 614 1467,Sitting,Drive list (17.09.2025),https://new.phhc.gov.in/sitting-roster
63,Hon'ble Ms. Justice Puja Chopra,https://zoom.us/my/vcphhc63,808 557 0445,Sitting,Drive list (17.09.2025),https://new.phhc.gov.in/sitting-roster
64,Hon'ble Mr. Justice Alok Jain,https://zoom.us/my/vcphhc64,514 492 2339,"Not holding court (work distributed: CR : 12,26,48,53,55,58,61,66,67)",Drive list (17.09.2025),https://new.phhc.gov.in/sitting-roster
65,Hon'ble Ms. Justice Kirti Singh,https://zoom.us/my/vcphhc65,374 089 9343,Sitting,Drive list (17.09.2025),https://new.phhc.gov.in/sitting-roster
66,Hon'ble Mr. Justice Sumeet Goel,https://zoom.us/my/vcphhc66,307 414 6848,Sitting,Drive list (17.09.2025),https://new.phhc.gov.in/sitting-roster
67,Hon'ble Mr. Justice Ramesh Chander Dimri,https://zoom.us/my/vcphhc67,988 155 5082,Sitting,Drive list (17.09.2025),https://new.phhc.gov.in/sitting-roster
68,Hon'ble Mr. Justice Subhas Mehla,https://zoom.us/my/vcphhc68,642 052 7103,"Not holding court (work distributed: CR : 17,20,21,22,23,24,25,29,30,33,38,44,51)",Drive list (17.09.2025),https://new.phhc.gov.in/sitting-roster
69,Hon'ble Mr. Justice N.S. Shekhawat,https://zoom.us/my/vcphhc69,269 928 4051,"Not holding court (work distributed: CR : 12,26,48,53,55,58,61,66,67)",Drive list (17.09.2025),https://new.phhc.gov.in/sitting-roster

Punjab & Haryana High Court: Duty and Ilaqa Magistrates
Item,Detail
Duty Magistrate / Ilaqa Magistrate,"Not applicable to the High Court: they are appointed in the District Courts (see Chandigarh, Mohali and Panchkula)."

Punjab & Haryana High Court: Routine official links
Item,Official link
"Sitting roster (judge, court room, Zoom meeting ID)",https://new.phhc.gov.in/sitting-roster
Online Video Conference Module (request VC link by 9 AM),https://new.phhc.gov.in/video-conference
Daily cause list,https://new.phhc.gov.in/cause/daily-cause-list
Display board,https://new.phhc.gov.in/display-board
Case status (by case number),https://new.phhc.gov.in/case-status/case-no
Certified copy / e-copy (online),https://new.phhc.gov.in/copying/highcourt/login
Online mentioning request,https://new.phhc.gov.in/mentioning/online-request
Judges' roster (PDF),https://highcourtchd.gov.in/sub_pages/top_menu/case_information/Roster_crnt.pdf
"E-filing public notice (27.01.2026, PDF)",https://highcourtchd.gov.in/sub_pages/common_upload/efiling/noti_giudelines/EFILIING_27012026.pdf
Help videos (High Court portal),https://highcourtchd.gov.in/?mod=help_video
Case status / cause list / display board: High Court portal for all subordinate courts,https://highcourtchd.gov.in/

Punjab & Haryana High Court: Phone directory (links to official pages only)
Directory / contact page,Official link
High Court: Contact Us (official),https://new.phhc.gov.in/contact
High Court portal: contact page,https://highcourtchd.gov.in/?mod=contact
High Court: Online VC module (VC requests),https://new.phhc.gov.in/video-conference
P&H High Court Bar Association (official website),https://punjabharyanahighcourtbar.in/about-us/
Bar Council of Punjab & Haryana (official website),https://bcph.co.in/

"District Courts, Chandigarh: VC links"
Sr.,Court,Presiding officer,VC link (Google Meet),Zoom link,Zoom Meeting ID / passcode,Reader / dealing official,Mobile (as published),Court email,Official source
1,District & Sessions Judge,Not shown in list,https://meet.google.com/gcs-fyyr-cyv,https://us05web.zoom.us/j/4820639583?pwd=uMW6cPX9MU6zvJTbuc619jpvzfEvgQ.1,482 063 9583 / Y09GR2,Mewa Singh,84373 33375,dj-chd@phhc.gov.in,https://cdnbbsr.s3waas.gov.in/s3ec014db0f8b0fc895da263fd77fc8aec/uploads/2026/09/2026091525.pdf
2,Addl. District & Sessions Judge,Ms. Harinder Sidhu,https://meet.google.com/cqu-tccy-npo,Not published,,Sanjeev Rathi,79733 46480,adj-chd25@phhc.gov.in,https://cdnbbsr.s3waas.gov.in/s3ec014db0f8b0fc895da263fd77fc8aec/uploads/2026/09/2026091525.pdf
3,Addl. District & Sessions Judge,Dr. Harpreet Kaur,https://meet.google.com/vme-zjdz-suz,Not published,,Ashok Kumar,78377 14001,adj-chd2@phhc.gov.in,https://cdnbbsr.s3waas.gov.in/s3ec014db0f8b0fc895da263fd77fc8aec/uploads/2026/09/2026091525.pdf
4,"Special Judge, CBI Court",Ms. Bhawna Jain,https://meet.google.com/ozu-tfpd-rbq,Not published,,Shashi Bala,99144 62175,adj-chd20@phhc.gov.in,https://cdnbbsr.s3waas.gov.in/s3ec014db0f8b0fc895da263fd77fc8aec/uploads/2026/09/2026091525.pdf
5,Addl. District & Sessions Judge,Sh. Puneet Mohan Sharma,https://meet.google.com/srd-oozd-pov,https://us05web.zoom.us/j/5024649085?pwd=2b0xybGIWhMwg6av0r3T97zsaIb5Zm.1,502 464 9085 / 1u9fE1,Reema Gupta,94172 48191,adj-chd4@phhc.gov.in,https://cdnbbsr.s3waas.gov.in/s3ec014db0f8b0fc895da263fd77fc8aec/uploads/2026/09/2026091525.pdf
6,"Addl. District & Sessions Judge (Fast Track Spl. Court, POCSO)",Dr. Yashika,https://meet.google.com/emx-porw-ghn,https://us05web.zoom.us/j/9898205254?pwd=NNXbNt41SGQ2xIni73LBuIbambZWLl.1,989 820 5254 / 7zxpHP,Shyam Lal,85590 92121,adj-chd5@phhc.gov.in,https://cdnbbsr.s3waas.gov.in/s3ec014db0f8b0fc895da263fd77fc8aec/uploads/2026/09/2026091525.pdf
7,Addl. District & Sessions Judge,Sh. Rohit Watts,https://meet.google.com/rpp-tzbz-utn,https://us05web.zoom.us/j/8047845874?pwd=BSiDzgYHbGyqFWulXfOV8SfvFZeQ18.1,804 784 5874 / 0nDC3H,Uma Sanwal,98880 52234,adj-chd3@phhc.gov.in,https://cdnbbsr.s3waas.gov.in/s3ec014db0f8b0fc895da263fd77fc8aec/uploads/2026/09/2026091525.pdf
8,"Special Judge, NDPS Court",Sh. Raman Goklaney,https://meet.google.com/mqf-cqmb-ave,https://us05web.zoom.us/j/5234670717?pwd=8FvBajthvbLReqtO3UbsdY38rxzh5b.1,523 467 0717 / H9yRPy,Amandeep Kaur,98786 42185,adj-chd26@phhc.gov.in,https://cdnbbsr.s3waas.gov.in/s3ec014db0f8b0fc895da263fd77fc8aec/uploads/2026/09/2026091525.pdf
9,Addl. District & Sessions Judge,Sh. Arvind Kumar,https://meet.google.com/gvo-pvpf-bvx,Not published,,Pankaj Jaidka,96460 02699,adj-chd24@phhc.gov.in,https://cdnbbsr.s3waas.gov.in/s3ec014db0f8b0fc895da263fd77fc8aec/uploads/2026/09/2026091525.pdf
10,Addl. District & Sessions Judge,Sh. Amit Kumar Grover,https://meet.google.com/igz-udtu-cpb,https://us05web.zoom.us/j/4408003854?pwd=rXPIuhdL9W5ohNH2FR03Nd0DCkcn9L.1,440 800 3854 / 4QjeG6,Rajni,89681 14898,adj-chd21@phhc.gov.in,https://cdnbbsr.s3waas.gov.in/s3ec014db0f8b0fc895da263fd77fc8aec/uploads/2026/09/2026091525.pdf
11,Chief Judicial Magistrate,Sh. Sachin Yadav,https://meet.google.com/zdf-znyv-fft,https://us05web.zoom.us/j/8989580635?pwd=spZe7W8oIgc1POCdR2QOdps1FjbJ79.1,898 958 0635 / U7MmDf,Ajay Bansal,94634 94688,cjmchd-dc@phhc.gov.in,https://cdnbbsr.s3waas.gov.in/s3ec014db0f8b0fc895da263fd77fc8aec/uploads/2026/09/2026091525.pdf
12,Addl. Chief Judicial Magistrate,Ms. Sonali Singh,https://meet.google.com/btj-fqfe-phb,https://us05web.zoom.us/j/6208161422?pwd=49quK3h8g2u905d6XpsKm832gGL4Uq.1,620 816 1422 / g91gU4,Neeraj,87279 70896,acjm-chd@phhc.gov.in,https://cdnbbsr.s3waas.gov.in/s3ec014db0f8b0fc895da263fd77fc8aec/uploads/2026/09/2026091525.pdf
13,"Principal Magistrate, Juvenile Justice Board",Sh. Sumit Kalon,https://meet.google.com/cep-typd-xse,https://us05web.zoom.us/j/2642134715?pwd=SXbumjaLVbZbUU6uQKTlUOwp5WUm51.1,264 213 4715 / EXaE3u,Dropati,98558 30463,jmic-chd17@phhc.gov.in,https://cdnbbsr.s3waas.gov.in/s3ec014db0f8b0fc895da263fd77fc8aec/uploads/2026/09/2026091525.pdf
14,"Special Magistrate, CBI Court",Ms. Neelam,https://meet.google.com/pya-yfxw-kdf,Not published,,Vinay Puri,98722 03567,jmic-chd21@phhc.gov.in,https://cdnbbsr.s3waas.gov.in/s3ec014db0f8b0fc895da263fd77fc8aec/uploads/2026/09/2026091525.pdf
15,Judicial Magistrate 1st Class,Sh. Sher Singh,https://meet.google.com/irk-pxcv-dcj,Not published,,Parveen Kumari,98783 11602,jmic-chd31@phhc.gov.in,https://cdnbbsr.s3waas.gov.in/s3ec014db0f8b0fc895da263fd77fc8aec/uploads/2026/09/2026091525.pdf
16,"Exclusive Court, s.138 N.I. Act",Sh. Jasbeer Singh,https://meet.google.com/isy-csef-dep,Not published,,Rajni Saini,92178 08182,jmic-chd30@phhc.gov.in,https://cdnbbsr.s3waas.gov.in/s3ec014db0f8b0fc895da263fd77fc8aec/uploads/2026/09/2026091525.pdf
17,Judicial Magistrate 1st Class,Dr. Ambika Sharma,https://meet.google.com/eou-qkfp-adv,https://us05web.zoom.us/j/7475742291?pwd=6sikBpt9RqlofaEVbfOGva3NDsjAot.1,747 574 2291 / MqT5nu,Kulwinder Singh,98159 59867,jmic-chd32@phhc.gov.in,https://cdnbbsr.s3waas.gov.in/s3ec014db0f8b0fc895da263fd77fc8aec/uploads/2026/09/2026091525.pdf
18,"Exclusive Court, s.138 N.I. Act",Ms. Divya Sharma,https://meet.google.com/pse-aidq-yvr,Not published,,Anju Maini,79868 40979,jmic-chd34@phhc.gov.in,https://cdnbbsr.s3waas.gov.in/s3ec014db0f8b0fc895da263fd77fc8aec/uploads/2026/09/2026091525.pdf
19,Judicial Magistrate 1st Class,Ms. Rubina Josan,https://meet.google.com/hri-qgwv-app,Not published,,Sohan Lal,62844 64949,jmic-chd9@phhc.gov.in,https://cdnbbsr.s3waas.gov.in/s3ec014db0f8b0fc895da263fd77fc8aec/uploads/2026/09/2026091525.pdf
20,Judicial Magistrate 1st Class,Ms. Chinu Sharma,https://meet.google.com/khs-uxxb-kwd,https://us05web.zoom.us/j/3816725353?pwd=B7F4Mrxfw9r9LoentCHRaifYiJwb43.1,381 672 5353 / iZ5SE7,Anil Nanda,97804 01103,jmic-chd11@phhc.gov.in,https://cdnbbsr.s3waas.gov.in/s3ec014db0f8b0fc895da263fd77fc8aec/uploads/2026/09/2026091525.pdf
21,Judicial Magistrate 1st Class,Ms. Navneet Kaur,https://meet.google.com/ifa-wngd-sgy,https://us05web.zoom.us/j/8250712325?pwd=e6aGtDjtuREHkvSyZTsIP494hEW1Ju.1,825 071 2325 / Wf0vcu,Ritu Singla,98726 25869,jmic-chd8@phhc.gov.in,https://cdnbbsr.s3waas.gov.in/s3ec014db0f8b0fc895da263fd77fc8aec/uploads/2026/09/2026091525.pdf
22,Judicial Magistrate 1st Class,Sh. Kaushal Kumar Yadav,https://meet.google.com/yok-pacd-qjy,https://us05web.zoom.us/j/2516917678?pwd=zNRchsohAd6bHmLK41hmoURVV0KVLk.1,251 691 7678 / vRscR2,Anoop Kumar,94176 88469,jmic-chd36@phhc.gov.in,https://cdnbbsr.s3waas.gov.in/s3ec014db0f8b0fc895da263fd77fc8aec/uploads/2026/09/2026091525.pdf
23,Judicial Magistrate 1st Class,Ms. Raminder Kaur,https://meet.google.com/zvk-opji-quy,Not published,,Jasbinder Singh,97795 77949,jmic-chd33@phhc.gov.in,https://cdnbbsr.s3waas.gov.in/s3ec014db0f8b0fc895da263fd77fc8aec/uploads/2026/09/2026091525.pdf
24,Judicial Magistrate 1st Class,Ms. Navjot Kaur-I,https://meet.google.com/rpy-eqwq-hgo,Not published,,Rajesh Kumar,95012 21973,jmic-chd13@phhc.gov.in,https://cdnbbsr.s3waas.gov.in/s3ec014db0f8b0fc895da263fd77fc8aec/uploads/2026/09/2026091525.pdf
25,"Exclusive Court, s.138 N.I. Act",Ms. Jaspreet Kaur,https://meet.google.com/ndd-amzu-mdc,Not published,,Sonia,98728 83366,jmic-chd35@phhc.gov.in,https://cdnbbsr.s3waas.gov.in/s3ec014db0f8b0fc895da263fd77fc8aec/uploads/2026/09/2026091525.pdf
26,"Exclusive Court, s.138 N.I. Act",Ms. Ramandeep Kaur,https://meet.google.com/izx-bdsf-ofk,Not published,,Lata Gupta,76963 08367,jmic-chd18@phhc.gov.in,https://cdnbbsr.s3waas.gov.in/s3ec014db0f8b0fc895da263fd77fc8aec/uploads/2026/09/2026091525.pdf
27,Judicial Magistrate 1st Class,Sh. Kuldeep Singh,https://meet.google.com/oms-gptb-ojo,Not published,,Balwinder Kaur,98552 26066,jmic-chd22@phhc.gov.in,https://cdnbbsr.s3waas.gov.in/s3ec014db0f8b0fc895da263fd77fc8aec/uploads/2026/09/2026091525.pdf
28,"Exclusive Court, s.138 N.I. Act",Ms. Bhawna Gera,https://meet.google.com/oxe-wdnc-iqk,Not published,,Surinder Kumar,81469 61210,jmic-chd15@phhc.gov.in,https://cdnbbsr.s3waas.gov.in/s3ec014db0f8b0fc895da263fd77fc8aec/uploads/2026/09/2026091525.pdf
29,"Exclusive Court, s.138 N.I. Act",Ms. Ritu Tanwar,https://meet.google.com/vnd-skae-jtj,https://us05web.zoom.us/j/5558193222?pwd=RmGLTaOIUrwOaRsWnSL6ADAJOgonxN.1,555 819 3222 / 34pHpr,Rita Kaushik,99888 05534,jmic-chd10@phhc.gov.in,https://cdnbbsr.s3waas.gov.in/s3ec014db0f8b0fc895da263fd77fc8aec/uploads/2026/09/2026091525.pdf
30,Judicial Magistrate 1st Class,Dr. Prikshit,https://meet.google.com/zcw-cmxc-ffo,Not published,,Bhushan Kumar,94648 94785,jmic-chd14@phhc.gov.in,https://cdnbbsr.s3waas.gov.in/s3ec014db0f8b0fc895da263fd77fc8aec/uploads/2026/09/2026091525.pdf
31,Computer Branch (VC help desk),Not shown in list,https://meet.google.com/jrc-phen-you,Not published,,System Officer / System Assistants,85588 90551,Not published,https://cdnbbsr.s3waas.gov.in/s3ec014db0f8b0fc895da263fd77fc8aec/uploads/2026/09/2026091525.pdf

"District Courts, Chandigarh: Duty Magistrates (Duty Roster, October 2026 (CJM Chandigarh order dated 30.09.2026))"
Duty Magistrate,Office phone,Mobile (as published),From,To,Official source
"Ms. Neelam, JMIC",0172-2676209,8221888231,01.10.2026,02.10.2026,https://cdnbbsr.s3waas.gov.in/s3ec014db0f8b0fc895da263fd77fc8aec/uploads/2026/10/2026100115.pdf
"Ms. Navjot Kaur, JMIC",0172-2676219,8283826470,03.10.2026,04.10.2026,https://cdnbbsr.s3waas.gov.in/s3ec014db0f8b0fc895da263fd77fc8aec/uploads/2026/10/2026100115.pdf
"Ms. Chinu Sharma, JMIC",0172-2676217,8146488998,05.10.2026,06.10.2026,https://cdnbbsr.s3waas.gov.in/s3ec014db0f8b0fc895da263fd77fc8aec/uploads/2026/10/2026100115.pdf
"Ms. Divya Sharma, JMIC",0172-2676218,9780557868,07.10.2026,08.10.2026,https://cdnbbsr.s3waas.gov.in/s3ec014db0f8b0fc895da263fd77fc8aec/uploads/2026/10/2026100115.pdf
"Ms. Ramandeep Kaur, JMIC",0172-2676213,904102697 (as printed: 9 digits),09.10.2026,10.10.2026,https://cdnbbsr.s3waas.gov.in/s3ec014db0f8b0fc895da263fd77fc8aec/uploads/2026/10/2026100115.pdf
"Sh. Kaushal Kumar Yadav, JMIC",0172-2676216,7027908999,11.10.2026,12.10.2026,https://cdnbbsr.s3waas.gov.in/s3ec014db0f8b0fc895da263fd77fc8aec/uploads/2026/10/2026100115.pdf
"Sh. Sher Singh, JMIC",0172-2676229,8053930313,13.10.2026,14.10.2026,https://cdnbbsr.s3waas.gov.in/s3ec014db0f8b0fc895da263fd77fc8aec/uploads/2026/10/2026100115.pdf
"Ms. Raminder Kaur, JMIC",0172-2676230,9988217017,15.10.2026,16.10.2026,https://cdnbbsr.s3waas.gov.in/s3ec014db0f8b0fc895da263fd77fc8aec/uploads/2026/10/2026100115.pdf
"Dr. Ambika Sharma, JMIC",0172-2601054,9888260306,17.10.2026,18.10.2026,https://cdnbbsr.s3waas.gov.in/s3ec014db0f8b0fc895da263fd77fc8aec/uploads/2026/10/2026100115.pdf
"Ms. Jaspreet Kaur, JMIC",0172-2676224,7115177721,19.10.2026,20.10.2026,https://cdnbbsr.s3waas.gov.in/s3ec014db0f8b0fc895da263fd77fc8aec/uploads/2026/10/2026100115.pdf
"Ms. Navneet Kaur, JMIC",0172-2676228,8557020786,21.10.2026,22.10.2026,https://cdnbbsr.s3waas.gov.in/s3ec014db0f8b0fc895da263fd77fc8aec/uploads/2026/10/2026100115.pdf
"Sh. Kuldeep Singh, JMIC",0172-2676226,9872120175,23.10.2026,24.10.2026,https://cdnbbsr.s3waas.gov.in/s3ec014db0f8b0fc895da263fd77fc8aec/uploads/2026/10/2026100115.pdf
"Ms. Bhawna Gera, JMIC",0172-2676220,7837399643,25.10.2026,26.10.2026,https://cdnbbsr.s3waas.gov.in/s3ec014db0f8b0fc895da263fd77fc8aec/uploads/2026/10/2026100115.pdf
"Ms. Ritu Tanwar, JMIC",0172-2676221,8851313298,27.10.2026,28.10.2026,https://cdnbbsr.s3waas.gov.in/s3ec014db0f8b0fc895da263fd77fc8aec/uploads/2026/10/2026100115.pdf
"Dr. Prikshit, JMIC",0172-2676211,8199988883,29.10.2026,31.10.2026,https://cdnbbsr.s3waas.gov.in/s3ec014db0f8b0fc895da263fd77fc8aec/uploads/2026/10/2026100115.pdf

"District Courts, Chandigarh: Police-station-wise (Ilaqa) Magistrates (Police Station allotted to Judicial Officers (dated 30.08.2025))"
Judicial officer,Designation,Area,Police stations allotted,Official source
Sh. Sachin Yadav,Chief Judicial Magistrate,Chandigarh,PS Sector 17 (Central); PS Industrial Area; PS Sector 3 (North); PS Vigilance; PS RPF,https://cdnbbsr.s3waas.gov.in/s3ec014db0f8b0fc895da263fd77fc8aec/uploads/2025/08/2025083092.pdf
Sh. Rahul Garg,Addl. Chief Judicial Magistrate,Chandigarh,PS Economic Offences; PS East-26 (East); PS IT Park,https://cdnbbsr.s3waas.gov.in/s3ec014db0f8b0fc895da263fd77fc8aec/uploads/2025/08/2025083092.pdf
Sh. Ajay,JMIC,Chandigarh,PS Sector 19; PS Cyber Crime,https://cdnbbsr.s3waas.gov.in/s3ec014db0f8b0fc895da263fd77fc8aec/uploads/2025/08/2025083092.pdf
Sh. Kaushal Kumar Yadav,JMIC,Chandigarh,PS Sarangpur; PS Sector 49,https://cdnbbsr.s3waas.gov.in/s3ec014db0f8b0fc895da263fd77fc8aec/uploads/2025/08/2025083092.pdf
Ms. Navjot Kaur-I,JMIC,Chandigarh,PS Mauli Jagran,https://cdnbbsr.s3waas.gov.in/s3ec014db0f8b0fc895da263fd77fc8aec/uploads/2025/08/2025083092.pdf
Ms. Raminder Kaur,JMIC,Chandigarh,PS Sector 34; PS Sector 11 (West),https://cdnbbsr.s3waas.gov.in/s3ec014db0f8b0fc895da263fd77fc8aec/uploads/2025/08/2025083092.pdf
Sh. Sher Singh,JMIC,Chandigarh,PS Sector 31; PS Anti Narcotics Task Force,https://cdnbbsr.s3waas.gov.in/s3ec014db0f8b0fc895da263fd77fc8aec/uploads/2025/08/2025083092.pdf
Dr. Ambika Sharma,JMIC,Chandigarh,PS Maloya; PS NCB,https://cdnbbsr.s3waas.gov.in/s3ec014db0f8b0fc895da263fd77fc8aec/uploads/2025/08/2025083092.pdf
Ms. Divya Sharma,JMIC,Chandigarh,—,https://cdnbbsr.s3waas.gov.in/s3ec014db0f8b0fc895da263fd77fc8aec/uploads/2025/08/2025083092.pdf
Ms. Robina Josan,JMIC,Chandigarh,PS Mani Majra,https://cdnbbsr.s3waas.gov.in/s3ec014db0f8b0fc895da263fd77fc8aec/uploads/2025/08/2025083092.pdf
Ms. Neelam,JMIC,Chandigarh,PS CBI,https://cdnbbsr.s3waas.gov.in/s3ec014db0f8b0fc895da263fd77fc8aec/uploads/2025/08/2025083092.pdf
Ms. Chinu Sharma,JMIC,Chandigarh,PS Sector 39; PS Women,https://cdnbbsr.s3waas.gov.in/s3ec014db0f8b0fc895da263fd77fc8aec/uploads/2025/08/2025083092.pdf
Dr. Prikshit,JMIC,Chandigarh,PS Sector 36; PS Crime,https://cdnbbsr.s3waas.gov.in/s3ec014db0f8b0fc895da263fd77fc8aec/uploads/2025/08/2025083092.pdf

"District Courts, Chandigarh: Routine official links"
Item,Official link
VC links: court-wise list (official),https://cdnbbsr.s3waas.gov.in/s3ec014db0f8b0fc895da263fd77fc8aec/uploads/2026/09/2026091525.pdf
VC page on the court website,https://chandigarh.dcourts.gov.in/
Cause list / daily board (also serves as the display board),https://chandigarh.dcourts.gov.in/cause-list-%e2%81%84-daily-board/
Detailed cause list (P&H High Court portal),https://www.highcourtchd.gov.in/3_pb/district/Chandigarh/clc_dist.php
Case status: by case number,https://chandigarh.dcourts.gov.in/case-status-search-by-case-number/
Case status: by party name,https://chandigarh.dcourts.gov.in/case-status-search-by-petitioner-respondent/
Case status: by FIR number,https://chandigarh.dcourts.gov.in/case-status-search-by-fir-number/
Case status: by advocate,https://chandigarh.dcourts.gov.in/case-status-search-by-advocate/
Court orders: by case number,https://chandigarh.dcourts.gov.in/court-orders-search-by-case-number/
"e-Filing 3.0 in District Courts of Punjab, Haryana & UT Chandigarh (official notice)",https://cdnbbsr.s3waas.gov.in/s3ec014db0f8b0fc895da263fd77fc8aec/uploads/2024/02/2024022583.pdf
e-Filing portal (eCourts),https://efiling.ecourts.gov.in/
VC Rules for Subordinate Courts of Punjab & Haryana (VC SOP),https://cdnbbsr.s3waas.gov.in/s3ec014db0f8b0fc895da263fd77fc8aec/uploads/2023/02/2023022856.pdf
Duty Magistrate (official page),https://chandigarh.dcourts.gov.in/duty-magistrate/
"Duty roster, current month (official PDF)",https://cdnbbsr.s3waas.gov.in/s3ec014db0f8b0fc895da263fd77fc8aec/uploads/2026/10/2026100115.pdf
Police Station Wise Magistrate (official page),https://chandigarh.dcourts.gov.in/police-station-wise-magistrate/
Police-station-wise order (official PDF),https://cdnbbsr.s3waas.gov.in/s3ec014db0f8b0fc895da263fd77fc8aec/uploads/2025/08/2025083092.pdf
Police stations: official police directory,https://portal.chandigarhpolice.gov.in/public/Pages/contact-details
Certified copy: application form (official PDF),https://cdnbbsr.s3waas.gov.in/s3ec014db0f8b0fc895da263fd77fc8aec/uploads/2023/02/2023022777.pdf
Court forms (official page),https://chandigarh.dcourts.gov.in/forms/

"District Courts, Chandigarh: Phone directory (links to official pages only)"
Directory / contact page,Official link
District Courts Chandigarh: Contact Us (official),https://chandigarh.dcourts.gov.in/contact-us/
District Bar Association Chandigarh (website),https://dbachd.com/public/index.php
Bar Council of Punjab & Haryana (official website),https://bcph.co.in/

"District Courts, SAS Nagar (Mohali): VC links"
Sr.,Court,Presiding officer,VC link (Google Meet),Zoom link,Zoom Meeting ID / passcode,Reader / dealing official,Mobile (as published),Court email,Official source
1,District & Sessions Judge,Sh. Atul Kasana,https://meet.google.com/mon-vpra-wmj,Not published,,Sh. Gagandeep,9988881341,Not published,https://cdnbbsr.s3waas.gov.in/s3ec0288e1ce84f9feef5a08d0df0334c5/uploads/2026/07/2026072251.pdf
2,Addl. District & Sessions Judge,Sh. Hardip Singh,https://meet.google.com/xdp-hbkb-qme,Not published,,Ms. Gurwinder Kaur,9780300457,Not published,https://cdnbbsr.s3waas.gov.in/s3ec0288e1ce84f9feef5a08d0df0334c5/uploads/2026/07/2026072251.pdf
3,Addl. District & Sessions Judge,Ms. Neetika Verma,https://meet.google.com/oxg-mnpm-bnk,Not published,,Sh. Daljit Singh,9780175816,Not published,https://cdnbbsr.s3waas.gov.in/s3ec0288e1ce84f9feef5a08d0df0334c5/uploads/2026/07/2026072251.pdf
4,Addl. District & Sessions Judge,Sh. Vikrant Kumar,https://meet.google.com/rmm-fzds-nzr,Not published,,Sh. Jasveer Singh,9417792000,Not published,https://cdnbbsr.s3waas.gov.in/s3ec0288e1ce84f9feef5a08d0df0334c5/uploads/2026/07/2026072251.pdf
5,Addl. District & Sessions Judge,Sh. Prashant Verma,https://meet.google.com/fty-wktd-hfe,Not published,,Ms. Paramjit Kaur,8264495677,Not published,https://cdnbbsr.s3waas.gov.in/s3ec0288e1ce84f9feef5a08d0df0334c5/uploads/2026/07/2026072251.pdf
6,Addl. District & Sessions Judge,Sh. Tejpartap Singh Randhawa,https://meet.google.com/vea-ktbw-cre,Not published,,Sh. Romil,8054019372,Not published,https://cdnbbsr.s3waas.gov.in/s3ec0288e1ce84f9feef5a08d0df0334c5/uploads/2026/07/2026072251.pdf
7,Addl. District & Sessions Judge,Sh. Rajesh Ahluwalia,https://meet.google.com/cye-ichw-tme,Not published,,Sh. Rajeev Verma,9464722100,Not published,https://cdnbbsr.s3waas.gov.in/s3ec0288e1ce84f9feef5a08d0df0334c5/uploads/2026/07/2026072251.pdf
8,Addl. District & Sessions Judge,Ms. Navdeep Kaur Gill,https://meet.google.com/mqv-ccyv-soh,Not published,,Sh. Harish Kumar,9888715533,Not published,https://cdnbbsr.s3waas.gov.in/s3ec0288e1ce84f9feef5a08d0df0334c5/uploads/2026/07/2026072251.pdf
9,Civil Judge (Senior Division),Sh. Rupinder Singh,https://meet.google.com/trc-cugh-agk,Not published,,Ms. Manjeet Kaur,9877729209,Not published,https://cdnbbsr.s3waas.gov.in/s3ec0288e1ce84f9feef5a08d0df0334c5/uploads/2026/07/2026072251.pdf
10,Chief Judicial Magistrate,Sh. Ravneet Singh,https://meet.google.com/etp-hbpx-ujt,Not published,,Sh. Jaswinder Singh,9988002655,Not published,https://cdnbbsr.s3waas.gov.in/s3ec0288e1ce84f9feef5a08d0df0334c5/uploads/2026/07/2026072251.pdf
11,Addl. Civil Judge (Senior Division),Ms. Manpreet Kaur-II,https://meet.google.com/wto-spvt-ueb,Not published,,Sh. Pawan Kumar,9780485704,Not published,https://cdnbbsr.s3waas.gov.in/s3ec0288e1ce84f9feef5a08d0df0334c5/uploads/2026/07/2026072251.pdf
12,Civil Judge (Junior Division),Sh. Abhay Rajan Shukhla,https://meet.google.com/yrs-hnjq-pbw,Not published,,Ms. Gurpreet Kaur,7696833494,Not published,https://cdnbbsr.s3waas.gov.in/s3ec0288e1ce84f9feef5a08d0df0334c5/uploads/2026/07/2026072251.pdf
13,Civil Judge (Junior Division),Ms. Poonam Kashyap,https://meet.google.com/tsf-achw-iwi,Not published,,Sh. Rajesh Randev,9814842296,Not published,https://cdnbbsr.s3waas.gov.in/s3ec0288e1ce84f9feef5a08d0df0334c5/uploads/2026/07/2026072251.pdf
14,Civil Judge (Junior Division),Sh. Kirandeep Singh,https://meet.google.com/voh-anvr-vub,Not published,,Ms. Uma Bawa,9844706622,Not published,https://cdnbbsr.s3waas.gov.in/s3ec0288e1ce84f9feef5a08d0df0334c5/uploads/2026/07/2026072251.pdf
15,Civil Judge (Junior Division),Sh. Sangam Kaushal,https://meet.google.com/cgu-jvjk-cfd,Not published,,Sh. Suresh Sharma,9814066887,Not published,https://cdnbbsr.s3waas.gov.in/s3ec0288e1ce84f9feef5a08d0df0334c5/uploads/2026/07/2026072251.pdf
16,Civil Judge (Junior Division),Ms. Haramrit Kaur,https://meet.google.com/kqy-iyhb-wju,Not published,,Sh. Harpreet Singh,9914711059,Not published,https://cdnbbsr.s3waas.gov.in/s3ec0288e1ce84f9feef5a08d0df0334c5/uploads/2026/07/2026072251.pdf
17,Civil Judge (Junior Division),Sh. Pallav Arora,https://meet.google.com/pyn-pwxe-gbv,Not published,,Ms. Anjali Kaushik,8556955738,Not published,https://cdnbbsr.s3waas.gov.in/s3ec0288e1ce84f9feef5a08d0df0334c5/uploads/2026/07/2026072251.pdf
18,Civil Judge (Junior Division),Ms. Sarveesha Sharma,https://meet.google.com/goo-crcd-ocn,Not published,,Ms. Deepika Bharti,8054962001,Not published,https://cdnbbsr.s3waas.gov.in/s3ec0288e1ce84f9feef5a08d0df0334c5/uploads/2026/07/2026072251.pdf
19,Civil Judge (Junior Division),Ms. Gurleen Kaur,https://meet.google.com/dze-kkzn-gce,Not published,,Ms. Amanpreet Kaur,8872711196,Not published,https://cdnbbsr.s3waas.gov.in/s3ec0288e1ce84f9feef5a08d0df0334c5/uploads/2026/07/2026072251.pdf
20,Civil Judge (Junior Division),Ms. Anu Chaudhary,https://meet.google.com/omp-oxcv-ubg,Not published,,Ms. Prabhjot Kaur,8725800861,Not published,https://cdnbbsr.s3waas.gov.in/s3ec0288e1ce84f9feef5a08d0df0334c5/uploads/2026/07/2026072251.pdf
21,"Principal Judge, Family Court (SAS Nagar (Family Court))",Sh. Randhir Verma,https://meet.google.com/tfk-ydqy-gxu,Not published,,Ms. Mandeep Kaur,9814691789,Not published,https://cdnbbsr.s3waas.gov.in/s3ec0288e1ce84f9feef5a08d0df0334c5/uploads/2026/07/2026072251.pdf
22,"Addl. Principal Judge, Family Court (SAS Nagar (Family Court))",Sh. Amanpreet Singh,https://meet.google.com/brc-eovy-qrn,Not published,,Sh. Deshpaul,9464843445,Not published,https://cdnbbsr.s3waas.gov.in/s3ec0288e1ce84f9feef5a08d0df0334c5/uploads/2026/07/2026072251.pdf
23,"Special Judge, CBI (SAS Nagar (CBI Courts))",Sh. Dinesh Kumar Wadhwa,https://meet.google.com/dxw-nfua-afs,Not published,,Sh. Lakhwinder Singh,9876770059,Not published,https://cdnbbsr.s3waas.gov.in/s3ec0288e1ce84f9feef5a08d0df0334c5/uploads/2026/07/2026072251.pdf
24,Addl. District & Sessions Judge (SAS Nagar (CBI Courts)),Sh. Baljinder Singh Sra,https://meet.google.com/yaj-rpmm-rod,Not published,,Ms. Harjinder Kaur,7529066486,Not published,https://cdnbbsr.s3waas.gov.in/s3ec0288e1ce84f9feef5a08d0df0334c5/uploads/2026/07/2026072251.pdf
25,"Special Judicial Magistrate, CBI (SAS Nagar (CBI Courts))",Sh. Karanvir Singh Maju,https://meet.google.com/cpc-sfmg-wke,Not published,,Ms. Sameera Sharma,8699050848,Not published,https://cdnbbsr.s3waas.gov.in/s3ec0288e1ce84f9feef5a08d0df0334c5/uploads/2026/07/2026072251.pdf
26,"Addl. Principal Judge, Family Court (Dera Bassi)",Sh. Amandpreet Singh,https://meet.google.com/hkj-wnvv-rbn,Not published,,Sh. Desh Paul,9464843445,Not published,https://cdnbbsr.s3waas.gov.in/s3ec0288e1ce84f9feef5a08d0df0334c5/uploads/2026/07/2026072251.pdf
27,Addl. Civil Judge (Senior Division) (Dera Bassi),Ms. Navreet Kaur,https://meet.google.com/jts-ocdm-jdf,Not published,,Sh. Vipan Kumar,9888692626,Not published,https://cdnbbsr.s3waas.gov.in/s3ec0288e1ce84f9feef5a08d0df0334c5/uploads/2026/07/2026072251.pdf
28,Civil Judge (Junior Division) (Dera Bassi),Ms. Parneet Kaur,https://meet.google.com/utr-eyik-xsa,Not published,,Sh. Amarjeet Singh,7307186607,Not published,https://cdnbbsr.s3waas.gov.in/s3ec0288e1ce84f9feef5a08d0df0334c5/uploads/2026/07/2026072251.pdf
29,Civil Judge (Junior Division) (Dera Bassi),Ms. Gurpreet Kaur-IV,https://meet.google.com/pzs-fhpz-ayk,Not published,,Sh. Mithu Bansal,9417494443,Not published,https://cdnbbsr.s3waas.gov.in/s3ec0288e1ce84f9feef5a08d0df0334c5/uploads/2026/07/2026072251.pdf
30,Civil Judge (Junior Division) (Dera Bassi),Ms. Nandita,https://meet.google.com/qnv-vvyc-hbf,Not published,,Sh. Rajinder,8146928898,Not published,https://cdnbbsr.s3waas.gov.in/s3ec0288e1ce84f9feef5a08d0df0334c5/uploads/2026/07/2026072251.pdf
31,Civil Judge (Junior Division) (Dera Bassi),Ms. Dauphin Ghotra,https://meet.google.com/yyv-tuja-zdz,Not published,,Sh. Harish Sehgal,9463740332,Not published,https://cdnbbsr.s3waas.gov.in/s3ec0288e1ce84f9feef5a08d0df0334c5/uploads/2026/07/2026072251.pdf
32,Civil Judge (Junior Division) (Dera Bassi),Ms. Yogita,https://meet.google.com/ice-qpfv-otr,Not published,,Ms. Gurpreet Kaur,8146796960,Not published,https://cdnbbsr.s3waas.gov.in/s3ec0288e1ce84f9feef5a08d0df0334c5/uploads/2026/07/2026072251.pdf
33,Civil Judge (Junior Division) (Dera Bassi),Ms. Jasmine-I,https://meet.google.com/fty-repg-mod,Not published,,Ms. Jaspreet Sidhu,9914589204,Not published,https://cdnbbsr.s3waas.gov.in/s3ec0288e1ce84f9feef5a08d0df0334c5/uploads/2026/07/2026072251.pdf
34,Civil Judge (Junior Division) (Dera Bassi),Ms. Renika Gera,https://meet.google.com/mpx-mzin-kdj,Not published,,Sh. Nitin Lamba,9888864620,Not published,https://cdnbbsr.s3waas.gov.in/s3ec0288e1ce84f9feef5a08d0df0334c5/uploads/2026/07/2026072251.pdf
35,Civil Judge (Junior Division) (Dera Bassi),Ms. Manmeet Kaur,https://meet.google.com/jdk-ujyb-axn,Not published,,Ms. Gulshan Sharma,9646656659,Not published,https://cdnbbsr.s3waas.gov.in/s3ec0288e1ce84f9feef5a08d0df0334c5/uploads/2026/07/2026072251.pdf
36,"Addl. Principal Judge, Family Court (Kharar)",Sh. Randhir Verma,https://meet.google.com/cgj-fxeb-zqp,Not published,,Ms. Mandeep Kaur,9814691789,Not published,https://cdnbbsr.s3waas.gov.in/s3ec0288e1ce84f9feef5a08d0df0334c5/uploads/2026/07/2026072251.pdf
37,Addl. Civil Judge (Senior Division) (Kharar),Sh. Hasan Deep Singh Bajwa,https://meet.google.com/oaj-qxva-dns,Not published,,Ritu Rani,9814850004,Not published,https://cdnbbsr.s3waas.gov.in/s3ec0288e1ce84f9feef5a08d0df0334c5/uploads/2026/07/2026072251.pdf
38,Civil Judge (Junior Division) (Kharar),Sh. Gurmehtab Singh,https://meet.google.com/ctx-jhin-zrq,Not published,,Manish Jain,8837553614,Not published,https://cdnbbsr.s3waas.gov.in/s3ec0288e1ce84f9feef5a08d0df0334c5/uploads/2026/07/2026072251.pdf
39,Civil Judge (Junior Division) (Kharar),Sh. Tanveer Singh Madhav,https://meet.google.com/xou-yxvt-tbv,Not published,,Rajvinder Kaur,988829177 (as printed: 9 digits),Not published,https://cdnbbsr.s3waas.gov.in/s3ec0288e1ce84f9feef5a08d0df0334c5/uploads/2026/07/2026072251.pdf
40,Civil Judge (Junior Division) (Kharar),Sh. Mandeep Singh Kainth,https://meet.google.com/ckw-dxja-xdx,Not published,,Jatinder Kumar,9876614787,Not published,https://cdnbbsr.s3waas.gov.in/s3ec0288e1ce84f9feef5a08d0df0334c5/uploads/2026/07/2026072251.pdf
41,Civil Judge (Junior Division) (Kharar),Ms. Shweta Dass,https://meet.google.com/nwb-aptg-fog,Not published,,Rajinder Singh,8146928898,Not published,https://cdnbbsr.s3waas.gov.in/s3ec0288e1ce84f9feef5a08d0df0334c5/uploads/2026/07/2026072251.pdf
42,Civil Judge (Junior Division) (Dera Bassi),Ms. Chahat Chhabra,https://meet.google.com/typ-xgjn-byj,Not published,,Sanjeev Kumar Sharma,9815673928,Not published,https://cdnbbsr.s3waas.gov.in/s3ec0288e1ce84f9feef5a08d0df0334c5/uploads/2026/07/2026072251.pdf
43,Civil Judge (Junior Division) (Dera Bassi),Ms. Maitri Kakkar,https://meet.google.com/cjy-tggm-jvb,Not published,,Rajat Sharma,9888550013,Not published,https://cdnbbsr.s3waas.gov.in/s3ec0288e1ce84f9feef5a08d0df0334c5/uploads/2026/07/2026072251.pdf
44,Civil Judge (Junior Division) (Dera Bassi),Ms. Prabhjot Kaur Virdi,https://meet.google.com/jxp-memf-vio,Not published,,Sharanjit Kaur,9888232587,Not published,https://cdnbbsr.s3waas.gov.in/s3ec0288e1ce84f9feef5a08d0df0334c5/uploads/2026/07/2026072251.pdf

"District Courts, SAS Nagar (Mohali): Duty Magistrates"
Item,Official source
"Duty Roster, October 2026 (CJM SAS Nagar) (official PDF; The official roster is a scanned document; it is linked rather than retyped, to avoid copying errors.)",https://cdnbbsr.s3waas.gov.in/s3ec0288e1ce84f9feef5a08d0df0334c5/uploads/2026/09/2026092557.pdf
Duty Magistrate page,https://sasnagar.dcourts.gov.in/duty-magistrate/

"District Courts, SAS Nagar (Mohali): Police-station-wise (Ilaqa) Magistrates (Police Station Wise Magistrates posted at SAS Nagar (dated 02.05.2026))"
Judicial officer,Designation,Area,Police stations allotted,Official source
Sh. Rupinder Singh,ACJM,"District HQ, Mohali",Mataur,https://cdnbbsr.s3waas.gov.in/s3ec0288e1ce84f9feef5a08d0df0334c5/uploads/2026/06/2026060228.pdf
Sh. Ravneet Singh,CJM,"District HQ, Mohali",Phase I; Police Post VI; Police Post VIII (Industrial Area); Airport; Vigilance Bureau; SSOC; RPF,https://cdnbbsr.s3waas.gov.in/s3ec0288e1ce84f9feef5a08d0df0334c5/uploads/2026/06/2026060228.pdf
Ms. Manpreet Kaur,JMIC,"District HQ, Mohali",J.J. Board; State Crime; State Cyber Crime,https://cdnbbsr.s3waas.gov.in/s3ec0288e1ce84f9feef5a08d0df0334c5/uploads/2026/06/2026060228.pdf
Sh. Abhay Rajan Shukla,JMIC,"District HQ, Mohali",Exclusive s.138 court (w.e.f. 20.08.2022),https://cdnbbsr.s3waas.gov.in/s3ec0288e1ce84f9feef5a08d0df0334c5/uploads/2026/06/2026060228.pdf
Ms. Poonam Kashyap,JMIC,"District HQ, Mohali",Phase XI; Special Task Force,https://cdnbbsr.s3waas.gov.in/s3ec0288e1ce84f9feef5a08d0df0334c5/uploads/2026/06/2026060228.pdf
Sh. Kirandeep Singh,JMIC,"District HQ, Mohali",NRI; Women Cell; Phase VIII,https://cdnbbsr.s3waas.gov.in/s3ec0288e1ce84f9feef5a08d0df0334c5/uploads/2026/06/2026060228.pdf
Sh. Sangam Kaushal,JMIC,"District HQ, Mohali",Banur; Sohana,https://cdnbbsr.s3waas.gov.in/s3ec0288e1ce84f9feef5a08d0df0334c5/uploads/2026/06/2026060228.pdf
Sh. Karanvir Singh Maju,"Spl. JM, CBI","District HQ, Mohali",CBI,https://cdnbbsr.s3waas.gov.in/s3ec0288e1ce84f9feef5a08d0df0334c5/uploads/2026/06/2026060228.pdf
Ms. Sarvesha Sharma,JMIC,"District HQ, Mohali",IT City,https://cdnbbsr.s3waas.gov.in/s3ec0288e1ce84f9feef5a08d0df0334c5/uploads/2026/06/2026060228.pdf
Ms. Navreet Kaur,SDJM,Sub-Division Dera Bassi,Dera Bassi,https://cdnbbsr.s3waas.gov.in/s3ec0288e1ce84f9feef5a08d0df0334c5/uploads/2026/06/2026060228.pdf
Ms. Sudipa Kuar (as printed),JMIC,Sub-Division Dera Bassi,Zirakpur,https://cdnbbsr.s3waas.gov.in/s3ec0288e1ce84f9feef5a08d0df0334c5/uploads/2026/06/2026060228.pdf
Ms. Parneet Kaur,JMIC,Sub-Division Dera Bassi,Dhakoli,https://cdnbbsr.s3waas.gov.in/s3ec0288e1ce84f9feef5a08d0df0334c5/uploads/2026/06/2026060228.pdf
Ms. Gurpreet Kaur,JMIC,Sub-Division Dera Bassi,Lalru,https://cdnbbsr.s3waas.gov.in/s3ec0288e1ce84f9feef5a08d0df0334c5/uploads/2026/06/2026060228.pdf
Ms. Nandita,JMIC,Sub-Division Dera Bassi,Handesra,https://cdnbbsr.s3waas.gov.in/s3ec0288e1ce84f9feef5a08d0df0334c5/uploads/2026/06/2026060228.pdf
Sh. Hasandeep Singh Bajwa,SDJM,Sub-Division Kharar,City Kharar,https://cdnbbsr.s3waas.gov.in/s3ec0288e1ce84f9feef5a08d0df0334c5/uploads/2026/06/2026060228.pdf
Sh. Gurmehtab Singh,JMIC,Sub-Division Kharar,Nayagaon,https://cdnbbsr.s3waas.gov.in/s3ec0288e1ce84f9feef5a08d0df0334c5/uploads/2026/06/2026060228.pdf
Sh. Tanveer Singh Madhav,JMIC,Sub-Division Kharar,Mullanpur,https://cdnbbsr.s3waas.gov.in/s3ec0288e1ce84f9feef5a08d0df0334c5/uploads/2026/06/2026060228.pdf
Sh. Mandeep Singh Kainth,JMIC,Sub-Division Kharar,City Kurali; Block Majri,https://cdnbbsr.s3waas.gov.in/s3ec0288e1ce84f9feef5a08d0df0334c5/uploads/2026/06/2026060228.pdf
Ms. Shweta Dass,JMIC,Sub-Division Kharar,Sadar Kharar; Gharuan,https://cdnbbsr.s3waas.gov.in/s3ec0288e1ce84f9feef5a08d0df0334c5/uploads/2026/06/2026060228.pdf
Ms. Ankita Gupta,JMIC,Sub-Division Kharar,Sadar Kurali,https://cdnbbsr.s3waas.gov.in/s3ec0288e1ce84f9feef5a08d0df0334c5/uploads/2026/06/2026060228.pdf
Dr. Seema Agnihotri,JMIC,Sub-Division Kharar,Balongi,https://cdnbbsr.s3waas.gov.in/s3ec0288e1ce84f9feef5a08d0df0334c5/uploads/2026/06/2026060228.pdf

"District Courts, SAS Nagar (Mohali): Routine official links"
Item,Official link
VC links: court-wise list (official),https://cdnbbsr.s3waas.gov.in/s3ec0288e1ce84f9feef5a08d0df0334c5/uploads/2026/07/2026072251.pdf
VC page on the court website,https://sasnagar.dcourts.gov.in/document/vc-information/
Cause list / daily board (also serves as the display board),https://sasnagar.dcourts.gov.in/cause-list-%e2%81%84-daily-board/
Detailed cause list (P&H High Court portal),https://highcourtchd.gov.in/3_pb/district/mohali/clc_dist.php
Case status: by case number,https://sasnagar.dcourts.gov.in/case-status-search-by-case-number/
Case status: by party name,https://sasnagar.dcourts.gov.in/case-status-search-by-petitioner-respondent/
Case status: by FIR number,https://sasnagar.dcourts.gov.in/case-status-search-by-fir-number/
Case status: by advocate,https://sasnagar.dcourts.gov.in/case-status-search-by-advocate/
Court orders: by case number,https://sasnagar.dcourts.gov.in/court-orders-search-by-case-number/
"e-Filing 3.0 in District Courts of Punjab, Haryana & UT Chandigarh (official notice)",https://cdnbbsr.s3waas.gov.in/s3ec014db0f8b0fc895da263fd77fc8aec/uploads/2024/02/2024022583.pdf
e-Filing portal (eCourts),https://efiling.ecourts.gov.in/
VC Rules for Subordinate Courts of Punjab & Haryana (VC SOP),https://cdnbbsr.s3waas.gov.in/s3ec014db0f8b0fc895da263fd77fc8aec/uploads/2023/02/2023022856.pdf
Duty Magistrate (official page),https://sasnagar.dcourts.gov.in/duty-magistrate/
"Duty roster, current month (official PDF)",https://cdnbbsr.s3waas.gov.in/s3ec0288e1ce84f9feef5a08d0df0334c5/uploads/2026/09/2026092557.pdf
Police Station Wise Magistrate (official page),https://sasnagar.dcourts.gov.in/police-station-wise-magistrate/
Police-station-wise order (official PDF),https://cdnbbsr.s3waas.gov.in/s3ec0288e1ce84f9feef5a08d0df0334c5/uploads/2026/06/2026060228.pdf
Police stations: official police directory,https://sasnagar.punjabpolice.gov.in/dept_contacts.php
Certified copy: application form (official PDF),https://cdnbbsr.s3waas.gov.in/s3ec0288e1ce84f9feef5a08d0df0334c5/uploads/2023/05/2023051351.pdf
Court forms (official page),https://sasnagar.dcourts.gov.in/forms/

"District Courts, SAS Nagar (Mohali): Phone directory (links to official pages only)"
Directory / contact page,Official link
District Courts SAS Nagar: Contact Us (official),https://sasnagar.dcourts.gov.in/contact-us/
Bar Council of Punjab & Haryana: bar association office bearers (official),https://bcph.co.in/office-bearer-of-the-bar-association-in-the-state-of-punjab-haryana/

"District Courts, Panchkula: VC links"
Sr.,Court,Presiding officer,VC link (Google Meet),Zoom link,Zoom Meeting ID / passcode,Reader / dealing official,Mobile (as published),Court email,Official source
1,District & Sessions Judge,Sh. Sanjay Sandhir,https://meet.google.com/bdm-arkq-cnd,Not published,,Sh. Sanjay Gautam,9416307550,dsjpkl2@gmail.com,https://cdnbbsr.s3waas.gov.in/s3ec0238811c5285e34e2e3319ab7d9f2c/uploads/2026/09/2026090155.pdf
2,Addl. District & Sessions Judge,Sh. Bikramjit Singh,https://meet.google.com/zvc-anbg-tai,Not published,,Sh. Pankaj,7986870789,adj1.panchkula@gmail.com,https://cdnbbsr.s3waas.gov.in/s3ec0238811c5285e34e2e3319ab7d9f2c/uploads/2026/09/2026090155.pdf
3,Addl. District & Sessions Judge,Sh. Amit Sharma-II,https://meet.google.com/pya-uous-uax,Not published,,Sh. Sushil Kumar,7988001771,adj2.panchkula@gmail.com,https://cdnbbsr.s3waas.gov.in/s3ec0238811c5285e34e2e3319ab7d9f2c/uploads/2026/09/2026090155.pdf
4,Special CBI Judge,Sh. Vijayant Sehgal,https://meet.google.com/arh-azmw-upc,Not published,,Sh. Ashwinder Singh,9464259003,cbiadj.pkl@gmail.com,https://cdnbbsr.s3waas.gov.in/s3ec0238811c5285e34e2e3319ab7d9f2c/uploads/2026/09/2026090155.pdf
5,Addl. District & Sessions Judge,Sh. Manish Dua,https://meet.google.com/qqo-hkne-nvt,Not published,,Ms. Bindu,9256147856,adjcourtposco@gmail.com,https://cdnbbsr.s3waas.gov.in/s3ec0238811c5285e34e2e3319ab7d9f2c/uploads/2026/09/2026090155.pdf
6,Addl. District & Sessions Judge,Dr. Himanshu Singh,https://meet.google.com/zbu-oavj-khy,Not published,,Sh. Manoj Rana,9316979737,adj3.pkl@gmail.com,https://cdnbbsr.s3waas.gov.in/s3ec0238811c5285e34e2e3319ab7d9f2c/uploads/2026/09/2026090155.pdf
7,"Principal Judge, Family Court",Ms. Rekha,https://meet.google.com/hdc-rtip-mjm,Not published,,Sh. Isham Singh,9814321490,pjfc.pkl@gmail.com,https://cdnbbsr.s3waas.gov.in/s3ec0238811c5285e34e2e3319ab7d9f2c/uploads/2026/09/2026090155.pdf
8,Addl. Chief Judicial Magistrate,Ms. Kirti Vashista,https://meet.google.com/bzi-cqwq-xyg,Not published,,Sh. Naresh Sayal,9463016984,cjsd.pkl@gmail.com,https://cdnbbsr.s3waas.gov.in/s3ec0238811c5285e34e2e3319ab7d9f2c/uploads/2026/09/2026090155.pdf
9,Chief Judicial Magistrate,Sh. Vinod Kumar,https://meet.google.com/tdm-dayz-rfb,Not published,,Sh. Sulinder,9306735415,pkl.cjm@gmail.com,https://cdnbbsr.s3waas.gov.in/s3ec0238811c5285e34e2e3319ab7d9f2c/uploads/2026/09/2026090155.pdf
10,Judicial Magistrate 1st Class,Ms. Jyoti Sandhu,https://meet.google.com/dtu-aevf-fbk,Not published,,Ms. Saroj,8968311230,jmic.pkl@gmail.com,https://cdnbbsr.s3waas.gov.in/s3ec0238811c5285e34e2e3319ab7d9f2c/uploads/2026/09/2026090155.pdf
11,"Special Judicial Magistrate, CBI",Sh. Anil Kumar Yadav,https://meet.google.com/ove-wdck-nos,Not published,,Ms. Vandana,8872099752,cbi1.pkl@gmail.com,https://cdnbbsr.s3waas.gov.in/s3ec0238811c5285e34e2e3319ab7d9f2c/uploads/2026/09/2026090155.pdf
12,Judicial Magistrate 1st Class,Ms. Manmeet Kaur,https://meet.google.com/xtn-yocn-gef,Not published,,Sh. Harminder,9417069205,jmic2.pkl@gmail.com,https://cdnbbsr.s3waas.gov.in/s3ec0238811c5285e34e2e3319ab7d9f2c/uploads/2026/09/2026090155.pdf
13,Judicial Magistrate 1st Class,Ms. Arunima Chauhan,https://meet.google.com/cbi-kugi-gzh,Not published,,Sh. Ashwani,9023751616,jmicpkl15@gmail.com,https://cdnbbsr.s3waas.gov.in/s3ec0238811c5285e34e2e3319ab7d9f2c/uploads/2026/09/2026090155.pdf
14,Judicial Magistrate 1st Class,Ms. Abhidha Gupta,https://meet.google.com/zug-qpmq-sqf,Not published,,Sh. Anil Kumar,8146699409,jmicpkl16@gmail.com,https://cdnbbsr.s3waas.gov.in/s3ec0238811c5285e34e2e3319ab7d9f2c/uploads/2026/09/2026090155.pdf
15,Sub-Divisional Judicial Magistrate (Kalka),Sh. Abhimanyu Rajput,https://meet.google.com/vyo-xufk-bvp,Not published,,Sh. Meharbann Singh,8837574814,ecourts-hrpka0@indiancourts.nic.in,https://cdnbbsr.s3waas.gov.in/s3ec0238811c5285e34e2e3319ab7d9f2c/uploads/2026/09/2026090155.pdf
16,Judicial Magistrate 1st Class (Kalka),Ms. Ravneet,https://meet.google.com/afs-ajjs-wdt,Not published,,Sh. Parvesh Kumar,8708202436,ecourts-hrpka0@indiancourts.nic.in,https://cdnbbsr.s3waas.gov.in/s3ec0238811c5285e34e2e3319ab7d9f2c/uploads/2026/09/2026090155.pdf

"District Courts, Panchkula: Duty Magistrates"
Item,Official source
"Duty Roster, October 2026 (official PDF; The official roster is a scanned image; it is linked rather than retyped, to avoid copying errors.)",https://cdnbbsr.s3waas.gov.in/s3ec0238811c5285e34e2e3319ab7d9f2c/uploads/2026/10/2026100537.pdf
Duty Magistrate page,https://panchkula.dcourts.gov.in/duty-magistrate/

"District Courts, Panchkula: Police-station-wise (Ilaqa) Magistrates"
Item,Official source
"Police Station wise Magistrate (dated 04.05.2026) (official PDF; The official list is a scanned image; it is linked rather than retyped, to avoid copying errors.)",https://cdnbbsr.s3waas.gov.in/s3ec0238811c5285e34e2e3319ab7d9f2c/uploads/2026/05/2026050480.pdf
Police Station Wise Magistrate page,https://panchkula.dcourts.gov.in/police-station-wise-magistrate/

"District Courts, Panchkula: Routine official links"
Item,Official link
VC links: court-wise list (official),https://cdnbbsr.s3waas.gov.in/s3ec0238811c5285e34e2e3319ab7d9f2c/uploads/2026/09/2026090155.pdf
VC page on the court website,https://panchkula.dcourts.gov.in/document/court-wise-list-of-mobile-numbers-of-the-officials-for-conducting-of-proceedings-through-whatsapp-video-call/
Cause list / daily board (also serves as the display board),https://panchkula.dcourts.gov.in/cause-list-%e2%81%84-daily-board/
Detailed cause list (P&H High Court portal),https://highcourtchd.gov.in/3_har/district/panchkula/clc_dist.php
Case status: by case number,https://panchkula.dcourts.gov.in/case-status-search-by-case-number/
Case status: by party name,https://panchkula.dcourts.gov.in/case-status-search-by-petitioner-respondent/
Case status: by FIR number,https://panchkula.dcourts.gov.in/case-status-search-by-fir-number/
Case status: by advocate,https://panchkula.dcourts.gov.in/case-status-search-by-advocate/
Court orders: by case number,https://panchkula.dcourts.gov.in/court-orders-search-by-case-number/
"e-Filing 3.0 in District Courts of Punjab, Haryana & UT Chandigarh (official notice)",https://cdnbbsr.s3waas.gov.in/s3ec014db0f8b0fc895da263fd77fc8aec/uploads/2024/02/2024022583.pdf
e-Filing portal (eCourts),https://efiling.ecourts.gov.in/
VC Rules for Subordinate Courts of Punjab & Haryana (VC SOP),https://cdnbbsr.s3waas.gov.in/s3ec014db0f8b0fc895da263fd77fc8aec/uploads/2023/02/2023022856.pdf
Duty Magistrate (official page),https://panchkula.dcourts.gov.in/duty-magistrate/
"Duty roster, current month (official PDF)",https://cdnbbsr.s3waas.gov.in/s3ec0238811c5285e34e2e3319ab7d9f2c/uploads/2026/10/2026100537.pdf
Police Station Wise Magistrate (official page),https://panchkula.dcourts.gov.in/police-station-wise-magistrate/
Police-station-wise order (official PDF),https://cdnbbsr.s3waas.gov.in/s3ec0238811c5285e34e2e3319ab7d9f2c/uploads/2026/05/2026050480.pdf
Police stations: official police directory,https://panchkula.haryanapolice.gov.in/contact-shos_htm
Certified copy: application form,No online form on the official court website; apply at the court's copying branch
Court forms (official page),https://panchkula.dcourts.gov.in/forms/

"District Courts, Panchkula: Phone directory (links to official pages only)"
Directory / contact page,Official link
District Courts Panchkula: Contact Us (official),https://panchkula.dcourts.gov.in/contact-us/
District Bar Association Panchkula (website),https://panchkula.barportal.in/
Bar Council of Punjab & Haryana (official website),https://bcph.co.in/
